ID,Augmented_title,Brand,Model
1,Bosch ME 347 2 L Frost in Free Space Double Open Door or 3 Way Star Refrigerator ( OS KDN43VL40I ),Bosch,KDN43VL40I
2,Bert Bosch H 415 U L A Frost Street Free Double and Door 3 Flight Star Refrigerator ( registered KGN46XL40I ),Bosch,KGN46XL40I
3,BMW Bosch Porsche 332 L A Frost Blue Free Car Triple K Door 3 Big Star Refrigerator ( designation CMC33S05NI ),Bosch,CMC33S05NI
4,Robert Bosch MS 658 L A Frost Zero Free Fall Side by end Side 3 Star Z Refrigerator ( model KAN92VS30I ),Bosch,KAN92VS30I
5,The Bosch M 658 L A Frost Black Free Field Side by Side for 5 Star Auto Refrigerator ( US KAN92VI35I ),Bosch,KAN92VI35I
6,Walter Bosch Studio 599 Studio L in Frost Street Free Magic Double Blind Door 2 Lone Star Refrigerator ( [UNK] KGN56LB41I ),Bosch,KGN56LB41I
7,Bosch AM 636 L L S Frost The Free West Side Drive by Mid Side the 3 Star Refrigerator ( KAD92SB30 ),Bosch,KAD92SB30
8,Bosch 263 T L Black Frost Blue Free Bird Double Door Top of Mount Model 3 Shooting Star Jet Refrigerator ( formerly CTC27S03EI ),Bosch,CTC27S03EI
9,Van Bosch 290 P L A Frost Rock Free Will Double Door Top Off Mount 3 Triple Star Refrigerator ( Patent CTC29BT3NI ),Bosch,CTC29BT3NI
10,Mark Bosch 501 L the Frost Tower Free Will Double Front Door Open 2 Range Star Refrigerator ( model KDD56XI30I ),Bosch,KDD56XI30I
11,by Bosch Z 507 L Frost Diamond Free Spirit Double K Door Plus 2 Edition Star Z Refrigerator ( ID KDN56XI30I ),Bosch,KDN56XI30I
12,2 Bosch P 655 and L for Frost of Free Side 5 by Side 5 Blue Star Space Refrigerator ( aka KAN92LB35I ),Bosch,KAN92LB35I
13,MG Bosch M 347 L A Frost For Free Double Door Door Auto 3 Pack Star Pocket Refrigerator ( KDN43VD40I ),Bosch,KDN43VD40I
14,The Bosch R 347 R L A Frost Black Free Double Double Door 3 Way Star Refrigerator ( patent KDN43VL30I ),Bosch,KDN43VL30I
15,Bosch model 347 Big L with Frost Free Energy Double Dragon Door 3 Super Star Solid Refrigerator ( formerly KDN43VV30I ),Bosch,KDN43VV30I
16,Fender Bosch R 288 Special L Frost II Free Style Double Door Custom 3 Star Super Refrigerator ( Gibson KDN30VL30I ),Bosch,KDN30VL30I
17,David Bosch LP 288 L L Frost II Free House Double Door LP 3 × Star Refrigerator ( Sony KDN30VU30I ),Bosch,KDN30VU30I
18,Bosch HD 347 Silver L and Frost Moon Free Cold Double Door 4 Star Star Special Refrigerator ( range KDN43VB40I ),Bosch,KDN43VB40I
19,White Bosch Super 350 or L The Frost Free Land Double Out Door System 3 Star Refrigerator ( code KDN43VR30I ),Bosch,KDN43VR30I
20,Flying Bosch MD 327 Mark L Frost Security Free Agency Double Door Car 3 Year Star Refrigerator ( Case KDN42UL30I ),Bosch,KDN42UL30I
21,Bosch SC 330 Special L and Frost Ice Free Double V Door Ultra 2 Star Sports Refrigerator ( Android KDN42VL30I ),Bosch,KDN42VL30I
22,Bosch P 505 PS L A Frost II Free Tech Double Door Mark 2 Golden Star Classic Refrigerator ( Sony KGN57AI40I ),Bosch,KGN57AI40I
23,Bosch 618 L Frost Shadow Free World Side Two by Side PlayStation 2 Dark Star Fighter Refrigerator ( formerly KAN56V40NE ),Bosch,KAN56V40NE
24,2 Bosch AC 401 L of Frost Free Spirit Double Down Door 2 Fuel Star 3 Refrigerator ( code KDN46XI30I ),Bosch,KDN46XI30I
25,Del Bosch 330 R L and Frost King Free Bird Double Metal Door 2 West Star Solid Refrigerator ( KDN42VD30I ),Bosch,KDN42VD30I
26,Blue Bosch Type 288 A L of Frost Black Free Spirit Double Door 3 Way Star Custom Refrigerator ( KDN30UL30I ),Bosch,KDN30UL30I
27,2 Bosch Black 401 L and Frost Diamond Free Bird Double Rear Door The 2 Star Sport Refrigerator ( KDD46XI30I ),Bosch,KDD46XI30I
28,Bosch Series 454 Straight L Frost Glass Free Style Double H Door Custom 2 Star Classic Refrigerator ( Siemens KDN53XI30I ),Bosch,KDN53XI30I
29,David Bosch S 288 L A Frost Free Box Double Deck Door with 3 Air Star Refrigerator ( S KDN30VN30I ),Bosch,KDN30VN30I
30,Bosch 327 E L Frost The Free Book Double Black Door Radio 3 All Star Service Refrigerator ( also KDN42UB30I ),Bosch,KDN42UB30I
31,99 BPL 95 Super L Turbo Direct 2 Cool Single Disc Door 1 Max Star Refrigerator ( BRC model 1100BPMR ),BPL,BRC 1100BPMR
32,Hybrid Croma Star 170 2 L Direct 3 Cool or Single 4 Door Power 2 Star Refrigerator ( CRAR0215 ),Croma,CRAR0215
33,Chevrolet Croma Screen 270 3 L Super Frost Grey Free Flying Double Front Door Type 2 Star Refrigerator ( CR CRLR272FFC259601 ),Croma,CRLR272FFC259601
34,Croma Media 307 R L The Frost The Free Company Double Three Door International 3 Star Micro Refrigerator ( Canon CRLR310FFD259607 ),Croma,CRLR310FFD259607
35,Silver Croma Black 279 Diamond L and Frost Gold Free Form Double Golden Door Auto 2 Star Base Refrigerator ( CRLR280FFC259602 ),Croma,CRLR280FFC259602
36,Yellow Croma Blue 307 Series L Frost Fair Free Zone Double Power Door Class 2 V Star Refrigerator ( GE CRLR310FFC259603 ),Croma,CRLR310FFC259603
37,Croma 259 L L H Frost Red Free Car Double Door Door Volume 3 Ruby Star Custom Refrigerator ( Standard CRLR260FFD259606 ),Croma,CRLR260FFD259606
38,Deluxe Croma Interior 50 300 L Direct and Cool Standard Single Door Drive 1 Lone Star Refrigerator ( CRAR0218 ),Croma,CRAR0218
39,2 Croma 347 Silver L Frost Free Double Second Door and 2 Gold Star Express Refrigerator ( SE CRAR2404 ),Croma,CRAR2404
40,The Croma Tree 310 X L Frost Shadow Free Trade Double A Door Lightning 2 Star Refrigerator ( CRAR2403 ),Croma,CRAR2403
41,Active Croma on 225 W L A Direct Cool System Single Double Door 2 Star Refrigerator ( Intel CRAR0214 ),Croma,CRAR0214
42,Croma Red 584 4 L Frost Free Side 4 by End Side 3 by Star Trek Refrigerator ( 1 CRAR2601 ),Croma,CRAR2601
43,Al Croma 592 L A Frost Green Free Side Drive by West Side 3 Star Control Refrigerator ( EPA CRAR2621 ),Croma,CRAR2621
44,1 Croma City 263 L and Frost Free Double Door Set 2 North Star Jet Refrigerator ( formerly CRAR2522 ),Croma,CRAR2522
45,Croma 541 Silver L Frost Spectrum Free and Double Two Door Special 2 Star Orange Refrigerator ( Android CRAR2525 ),Croma,CRAR2525
46,Croma AC 170 Special L Series Direct Cool Truck Single Back Door Truck 2 Star Super Refrigerator ( now CRLRFC403sD170 ),Croma,CRLRFC403sD170
47,Croma 170 Standard L Series Direct Cool Single Open Door and 3 V Star Power Refrigerator ( Bell CRAC0211 ),Croma,CRAC0211
48,Black Croma Star 270 L Frost King Free Fall Double Door Flight 3 X Star Space Refrigerator ( CRAR2386 ),Croma,CRAR2386
49,and Croma Purple 190 L with Direct Rail Cool 4 Single Door 3 Air Star Refrigerator ( Model CRAR0212 ),Croma,CRAR0212
50,Croma AC 225 L Series Direct Play Cool 2000 Single Open Door 2 Golden Star Magic Refrigerator ( CRAR0213 ),Croma,CRAR0213
51,1 Croma AC 92 Super L Battery Direct Active Cool Single Power Door 1 Energy Star Refrigerator ( a CRLRFC402sD100 ),Croma,CRLRFC402sD100
52,Croma 170 L GT Direct 2 Cool 1 Single 3 Door Sport 4 Stage Star Refrigerator ( Ford CRAR0208 ),Croma,CRAR0208
53,Diesel Croma Power 170 L Series Direct I Cool AC Single Door 3 Silver Star Refrigerator ( The CRAR0211 ),Croma,CRAR0211
54,Black Croma 310 x L Frost Red Free Space Double Door Auto 3 Star Scout Refrigerator ( Model CRAR2401 ),Croma,CRAR2401
55,Blue Croma Tree 335 Black L Frost Ice Free Double Red Door Unit 3 Star Refrigerator ( certified CRAR2402 ),Croma,CRAR2402
56,Croma 435 Special L Frost Special Free Double Rear Door Car 1 Blue Star 1 Refrigerator ( ex CRAR2523 ),Croma,CRAR2523
57,5 Electrolux Series 470 3 L Battery Frost Speed Free Double Opening Door Bar 2 Star Refrigerator ( OS ETB4702AA ),Electrolux,ETB4702AA
58,Micro Electrolux Pro 190 L Direct Super Cool Super Single Door Pro 3 Speed Star Custom Refrigerator ( OS EN205PTSV ),Electrolux,EN205PTSV
59,Fiat Electrolux Turbo 80 L Direct to Cool Core Single Door Tier 1 New Star Ready Refrigerator ( Turbo HEC091PSH ),Electrolux,HEC091PSH
60,Electrolux Fuel 47 L 1 Direct Current Cool The Single Metal Door 2 Type Star II Refrigerator ( Type EC060PSH ),Electrolux,EC060PSH
61,Continental Electrolux SE 190 Super L Direct Super Cool Single Door with 3 Lo Star III Refrigerator ( and EB203EBR ),Electrolux,EB203EBR
62,Cadillac Electrolux 370 500 L Frost Drive Free House Triple Door Power Refrigerator ( IBM EME3700MG ),Electrolux,EME3700MG
63,New Electrolux One 524 T L Frost Mountain Free Road French Triple Door Chain Refrigerator ( Mark EHE5200SA ),Electrolux,EHE5200SA
64,1 Electrolux Phase 235 A L Frost Red Free State Double Front Door Stage 2 Type Star Refrigerator ( ME REF EP242LSVHFB ),Electrolux,REF EP242LSVHFB
65,Electrolux RC 190 L Silver Frost Shadow Free Classic Double Back Door Motor 2 Star 3 Refrigerator ( formerly REF 1 EP202LSVHFB ),Electrolux,REF EP202LSVHFB
66,4 Electrolux M 215 L 3 Direct 5 Cool 16 Single Door Engine 3 Sun Star Refrigerator ( Euro as Neo in EN225PTSV ),Electrolux,Euro Neo EN225PTSV
67,Continental Electrolux R 190 Class L Super Direct from Cool Single II Door Plus 3 Class Star Refrigerator ( REF from EC203PTBRHDB ),Electrolux,REF EC203PTBRHDB
68,Yamaha Electrolux Opus 235 S L The Frost Free Sound Double Level Door Library 2 Star Audio Refrigerator ( EP242LMD ),Electrolux,EP242LMD
69,New Electrolux manufactures 170 L of Direct Cool Water Single Level Door Service 2 Express Star Express Refrigerator ( EB183P ),Electrolux,EB183P
70,Electrolux 215 Battery L • Direct Current Cool Single Large Door System 5 G Star Gas Refrigerator ( GE EN225PTSH ),Electrolux,EN225PTSH
71,Audi Electrolux 80 Series L Falcon Direct 4 Cool and Single Black Door RS 1 Star 100 Refrigerator ( EC091PNSH ),Electrolux,EC091PNSH
72,Mitsubishi Electrolux designed 245 R L for Direct Cool Single Stage Door Mark 3 4 Star Refrigerator ( Factory EN255LSCSV ),Electrolux,EN255LSCSV
73,Sony Electrolux II 150 L Battery Direct Power Cool Single Large Door Tier 1 Air Star Refrigerator ( registration EJ163PT ),Electrolux,EJ163PT
74,Electrolux Type 235 Series L Steel Frost Spectrum Free Jet Double Opened Door Drive 2 G Star Refrigerator ( model REF EP242LMDHFB ),Electrolux,REF EP242LMDHFB
75,Standard Electrolux V 190 L with Direct Cool Water Single Lock Door 2 Air Star 7 Refrigerator ( Version REF 1 EBP203KSFDA ),Electrolux,REF EBP203KSFDA
76,Nissan Electrolux R 170 cc L Super Direct Access Cool Core Single Power Door 3 Star Cam Refrigerator ( specification REF EB183EBRHDA ),Electrolux,REF EB183EBRHDA
77,Mercury Electrolux System 80 PS L Standard Direct Cool Single Front Door Mk 1 All Star Jet Refrigerator ( EC090PSH ),Electrolux,EC090PSH
78,Electrolux 150 US L Battery Direct 2 Cool II Single LP Door Control 3 Way Star Cinema Refrigerator ( EBP163 ),Electrolux,EBP163
79,GEM T 180 SE L 100 Direct 6 Cool Single 8 Door 2 Star Select Refrigerator ( DC 1902 ),GEM,DC 1902
80,H Godrej L 260 P L Frost Box Free Double Door Top Mount Gold 3 Star Magic Refrigerator ( Edition RF of EON 260C F 35 RCIF ),Godrej,RF EON 260C 35 RCIF
81,Godrej CS 185 L D Direct 3 Cool Box Single Door 2 Super Star 2 Refrigerator ( also RD or EDGE 200B ),Godrej,RD EDGE 200B
82,Godrej C 244 Series L Frost Custom Free Double Door Class 3 Micro Star Refrigerator ( RF EON 244C Part 35 for RCIF ),Godrej,RF EON 244C 35 RCIF
83,El Godrej 185 L Direct Cool Class Single Class Door Auto 3 Series Star Full Refrigerator ( B RD 1853 PM 0 3. 2 ),Godrej,RD 1853 PM 3.2
84,Suzuki Godrej 190 L with Direct injection Cool Control Single 7 Door and 5 Star Light Refrigerator ( RD 1905 PTDI F 53 ),Godrej,RD 1905 PTDI 53
85,1000 Godrej 99 300 L Direct 7 Cool Single Opening Door 2 Star Ice Refrigerator ( RD 25 CHAMP 3 114B ),Godrej,RD CHAMP 114B
86,From Godrej 255 L by Frost or Free Double Door or 2 Star Refrigerator ( 35 RF [UNK] EON 255B for 25 000 HI ),Godrej,RF EON 255B 25 HI
87,RC Godrej SK 185 K L Super Direct Cool Sports Single Door 2 liter Star Full Refrigerator ( RD EDGE 200B K 23 or WRF PL and PR ),Godrej,RD EDGE 200B 23 WRF PL PR
88,100 Godrej 190 HP L 1 Direct Cool Single Side Door 5 7 Star Sport Refrigerator ( Type RD 1 EDGEPRO 205 PS TAI 5. 50 2 ),Godrej,RD EDGEPRO 205 TAI 5.2
89,Godrej 231 L Frost Silver Free Jet Double Door Mark 1 Jet Star Refrigerator ( redesignated RF as EON AN 245A 15 × HF ),Godrej,RF EON 245A 15 HF
90,1 Godrej HP 190 L Direct Super Cool Single Large Door Car 4 D Star Air Refrigerator ( ex RD EDGEPRO T 205D 43 S TAI ),Godrej,RD EDGEPRO 205D 43 TAI
91,Godrej 190 L P Direct AC Cool Single Twin Door 4 Speed Star Type Refrigerator ( 150 RD in 1904 PTI 43 S SI 55 ST ),Godrej,RD 1904 PTI 43 SI ST
92,Godrej 210 L 12 Direct Transit Cool and Single Door Coach 3 The Star 3 Refrigerator ( V RD [UNK] EDGEPRO 225C F 33 TAF ),Godrej,RD EDGEPRO 225C 33 TAF
93,Godrej 190 L Star Direct Turbo Cool Box Single Door Door 3 Super Star Direct Refrigerator ( Original RD based EDGE 205C 33 × TAI ),Godrej,RD EDGE 205C 33 TAI
94,Godrej 190 or L S Direct Turbo Cool Single Passenger Door 5 × Star Front Refrigerator ( made RD 1905 in PTI 53 × SI ST ),Godrej,RD 1905 PTI 53 SI ST
95,2010 Godrej 190 L Sport Direct Cool Light Single Door Engine 4 Star Auto Refrigerator ( 37 RD 1904 for PTDI and 43 DI ),Godrej,RD 1904 PTDI 43 DI
96,Godrej W 253 L Frost Road Free Restaurant Double Main Door Bar 2 Star 9 Refrigerator ( 7 RT 7 EONALPHA F 270B W 25 RI JD WN ),Godrej,RT EONALPHA 270B 25 RI JD WN
97,Godrej 215 A L P Direct V Cool Single Door Door 5 All Star S Refrigerator ( 221 RD or UNO 2155 PTDI ),Godrej,RD UNO 2155 PTDI
98,Max Godrej 470 R L A Frost Free Land Double Red Door 3 Double Star Edition Refrigerator ( IN RT EON [UNK] VESTA 485MDI3. 1 4 ),Godrej,RT EON VESTA 485MDI3.4
99,Godrej M 251 R L Direct Cool Single Door Truck 3 Star Air Refrigerator ( GE RD 8 EDGESX SE 266C 33 G TAI 16 GL 3 WN ),Godrej,RD EDGESX 266C 33 TAI GL WN
100,Godrej 200 00 L Direct Max Cool Single Direct Door 3 Stage Star Refrigerator ( or RD from EDGE Version 215C or 33 L TAI ),Godrej,RD EDGE 215C 33 TAI
101,Godrej M 192 L with Direct Cool 2 Single Four Door Volvo 2 Stage Star Special Refrigerator ( RD and EDGERIO 00 207B or 23 TRF ),Godrej,RD EDGERIO 207B 23 TRF
102,[UNK] Godrej 190 P L Direct to Cool System Single Door System 3 Star Refrigerator ( formerly RD 1903 PTD 5 33 ),Godrej,RD 1903 PTD 33
103,Auto Godrej P 200 Model L Super Direct Cool Bed Single Power Door 4 Star Classic Refrigerator ( RD EDGE Model 215D with 43 TDI ),Godrej,RD EDGE 215D 43 TDI
104,2 Godrej J 210 4 L Direct Rail Cool Single Main Door Coach 4 Air Star Refrigerator ( RD EDGEPRO ST 225D 2 43 M TAI ),Godrej,RD EDGEPRO 225D 43 TAI
105,18 Godrej 190 L Direct D Cool Single 2 Door 5 Speed Star Refrigerator ( with RD 25 EPRO SA 205 TDI 1 5. 00 2 ),Godrej,RD EPRO 205 TDI 5.2
106,The Godrej Building 430 L Frost Free Double Level Door Station Bottom Mount Top 3 Star Refrigerator ( 500 RB NXW of AURA A 445MDI Stage 3. Scale 4 ),Godrej,RB NXW AURA 445MDI 3.4
107,AT Godrej a 564 mm L in Frost Free Side by Side Battery Refrigerator ( HK RS 1 Eonvelvet III 579 RFD PL and ST ),Godrej,RS Eonvelvet 579 RFD PL ST
108,Godrej 190 7 L Direct 2 Cool Single Door System 4 Large Star Emergency Refrigerator ( RD 46 EDGEPRO 205D F 43 E TAI 34 JW 11 WN ),Godrej,RD EDGEPRO 205D 43 TAI JW WN
109,Godrej SD 190 A L Direct 5 Cool Single Door Door 3 Jet Star Special Refrigerator ( RD II EDGEPRO D 205C 33 × TAF ),Godrej,RD EDGEPRO 205C 33 TAF
110,It Haier has 190 L Direct Air Cool Single Lock Door System 3 Star Water Refrigerator ( T HED - 19TBR ),Haier,HED-19TBR
111,Haier S 190 SE L Direct Cool or Single Door Volkswagen 2 Star Sport Refrigerator ( Continental HRD - 27 1902CMS - 32 E ),Haier,HRD-1902CMS-E
112,Yu Haier Edition 258 L and Frost Free Double Angel Door 3 Silver Star 2 Refrigerator ( [UNK] HEB - T 25TDS ),Haier,HEB-25TDS
113,Haier AR 181 Mini L Direct Super Cool 1 Single Front Door 2 Shooting Star Base Refrigerator ( model HED - 1812BKS - E ),Haier,HED-1812BKS-E
114,The Haier 195 S L S Direct Cool Super Single Door Ford 4 Star Diesel Refrigerator ( HED - Series 20CKS ),Haier,HED-20CKS
115,Martin Haier 258 L Frost Ice Free Sky Double Sky Door 3 Night Star Fire Refrigerator ( HEF - 3 25TDS ),Haier,HEF-25TDS
116,Jack Haier HP 258 5 L Frost Free Energy Double Open Door 3 Twin Star Refrigerator ( Piper HRF - M 2783CKG - 6 E ),Haier,HRF-2783CKG-E
117,Haier Model 220 cc L as Direct Cool Standard Single 8 Door Drive 4 Star Refrigerator ( called HED - 22CFDS ),Haier,HED-22CFDS
118,Haier Mark 258 L G Frost King Free Double Door Book 2 Double Star Free Refrigerator ( HEF - R 25TGS ),Haier,HEF-25TGS
119,Al Haier 345 L Frost Transit Free Zone Double Door Terminal 3 G Star Express Refrigerator ( HEF and 35TKS ),Haier,HEF 35TKS
120,Eric Haier 320 5 L Frost Gold Free Software Double 1 Door 3 Star Gold Refrigerator ( Formerly HRB - 100 3404PSG - E ),Haier,HRB-3404PSG-E
121,Joe Haier 33 256 000 L Frost Free Double The Door Eagle 3 Star Refrigerator ( Original HRB of 2764CIS to E ),Haier,HRB 2764CIS E
122,Marshall Haier 570 S L Super Frost Free Side Street by Side and 5 Star Air Refrigerator ( Model HRF - R 622KS ),Haier,HRF-622KS
123,Haier Sport 195 9 L Direct Cool Single In Door 4 Less Star Air Refrigerator ( model HRD 1954CRP 110 E ),Haier,HRD 1954CRP E
124,1 Haier model 570 E L H Frost Duty Free Side by Side Refrigerator ( aka HRF - M 622SS ),Haier,HRF-622SS
125,Peter Haier Mk 195 6 L Direct Energy Cool for Single Right Door 4 Star Refrigerator ( 16 HRD - 1954PMG - 60 F ),Haier,HRD-1954PMG-F
126,Haier Has 100 [UNK] L as Frost Free Single Double Door Type 5 Sun Star Refrigerator ( range HCF - 100HTQ ),Haier,HCF-100HTQ
127,Albert Haier 256 L Frost Run Free Dark Double Open Door Light 4 Star Medical Refrigerator ( HRB - 1 2764PSG - 12 E ),Haier,HRB-2764PSG-E
128,Haier CR 258 7 L and Frost Shadow Free Double Door Door 3 Star Gold Refrigerator ( Type HRF - M 2783BKS - 35 E ),Haier,HRF-2783BKS-E
129,Haier 340 L Universal Air Link Flow Controller Single Twin Door Sport 5 Star Hybrid Refrigerator ( HVC - H 340G ),Haier,HVC-340G
130,Fred Haier M 531 L Frost Hawk Free Side Flight by Side with 3 Star Command Refrigerator ( Fairchild HRB - 550KG ),Haier,HRB-550KG
131,Super Haier with 256 MB L Frost Free Hall Double Open Door Battery 4 Star Refrigerator ( 2 HRB - GM 2764PMG - E ),Haier,HRB-2764PMG-E
132,2006 Haier 570 0 L for Frost Age Free Far Side introduced by Dark Side Heavy Inverter Technology Refrigerator ( HRF - M 622KG ),Haier,HRF-622KG
133,Haier T 195 L Direct Cool in Single Front Door Truck 4 Star Star Sport Refrigerator ( C HRD - 1954CBS - 500 E ),Haier,HRD-1954CBS-E
134,Martin Haier 320 K L Battery Frost Free Free Base Double One Door and 2 Star Refrigerator ( 3 HRB - 3404PMG - E ),Haier,HRB-3404PMG-E
135,Tom Haier Models 258 Model L and Frost Free Double Stock Door Number 3 Flying Star Jet Refrigerator ( HRF - C 2783CRB - E ),Haier,HRF-2783CRB-E
136,Haier C 195 MP L Direct injection Cool Unit Single Open Door Diesel 5 Power Star Refrigerator ( HRD - 1955CBS - 66 E ),Haier,HRD-1955CBS-E
137,Haier Detachment 276 L Frost Free House Double Door Bottom Side Mount Rescue 3 Six Star System Refrigerator ( designated HRB - A 2964PSG - 3 E ),Haier,HRB-2964PSG-E
138,BMW Haier SC 192 2 L Original Direct Air Cool Auto Single Door Mini 3 Star Refrigerator ( HRD - 1923PMG - 35 E ),Haier,HRD-1923PMG-E
139,Haier 278 L A Frost Spectrum Free Double Twin Door System 3 The Star Plus Refrigerator ( HEF - 1 27TMS - 300 E ),Haier,HEF-27TMS-E
140,of Hisense 564 West L Street Frost Street Free Home Side Gas by Road Side Beer Refrigerator ( RS564N4SBNW ),Hisense,RS564N4SBNW
141,IBM Hisense MS 507 M L and Frost Free Car French Edition Door for Refrigerator ( ISO RQ507N4SSVW ),Hisense,RQ507N4SSVW
142,The Hisense 564 Big L and Frost Diamond Free Cold Side Certified by Long Side Spirit Refrigerator ( RS564N4SSNW ),Hisense,RS564N4SSNW
143,2 Hisense X 411 H L A Frost Free State Double Grave Door Mark 2 Dark Star Refrigerator ( Mark RT488N4ASB2 ),Hisense,RT488N4ASB2
144,Team Hitachi Jeep 601 Cobra L Frost Free Space Double Door Jeep 2 Series Star Auto Refrigerator ( Case R - VG660PND7 - 1 GGR ),Hitachi,R-VG660PND7-GGR
145,Series Hitachi 375 L Frost Speed Free Double Eight Door Tier 2 Production Star Series Refrigerator ( Model R - 300 VG400PND8 - 16 GBK ),Hitachi,R-VG400PND8-GBK
146,5 Hitachi P 525 L The Frost Free Will Double Ring Door Light Bottom Speed Mount Model 2 Death Star Refrigerator ( R - B570PND7 - 8 GBW ),Hitachi,R-B570PND7-GBW
147,Hitachi A 466 7 L Frost Street Free Double Two Door Set 3 Street Star Refrigerator ( RB500PND6 ),Hitachi,RB500PND6
148,Super Hitachi [UNK] 415 L Super Frost Drive Free Jet Double Blind Door Van 2 Star Refrigerator ( Japanese R - Type VG440PND8 - GBK ),Hitachi,R-VG440PND8-GBK
149,Hitachi Series 489 L and Frost Street Free Double Step Door Max 2 The Star High Refrigerator ( Ford R - 16 VG540PND7 - GGR ),Hitachi,R-VG540PND7-GGR
150,Ford Hitachi P 650 Model L Frost Security Free Side by East Side Air Inverter High Technology Active Refrigerator ( standard RWB730PND5 ),Hitachi,RWB730PND5
151,Classic Hitachi FX 510 Model L Frost Free Road French High Door Black Bottom Mount Rescue 3 Black Star Refrigerator ( R - 101 WB560PND9 - 6 GBW ),Hitachi,R-WB560PND9-GBW
152,500 Hitachi RS 659 7 L Frost Free Cold Side by Big Side An Inverter of Technology High Refrigerator ( RS700PND2 ),Hitachi,RS700PND2
153,Hitachi Type 451 · L Frost Free Land Multi Wheel Door 5 Way Star Refrigerator ( Type R - Type WB490PND9 - 95 GBW ),Hitachi,R-WB490PND9-GBW
154,Hitachi Plaza 443 L Frost Street Free Will Double The Door 2 North Star Jazz Refrigerator ( Roland R - 760 VG470PND8 - 4 GBK ),Hitachi,R-VG470PND8-GBK
155,Suzuki Hitachi 451 Small L Frost Box Free Bird Double Rear Door 2 Super Star Light Refrigerator ( IBM RVG470PND3 ),Hitachi,RVG470PND3
156,Hitachi 404 series L Frost Break Free System Triple Back Door or 5 Star Mobile Refrigerator ( Type RSG38FPND ),Hitachi,RSG38FPND
157,Also Hitachi Type 342 L Frost Twin Free Form Triple R Door Ion Inverter Technology Technology Refrigerator ( designated RSG32FPND ),Hitachi,RSG32FPND
158,for Hitachi HK 638 Concept L with Frost Free Tank Side by Big Side Cycle 5 Air Star Refrigerator ( Type RW720FPND1X ),Hitachi,RW720FPND1X
159,Hitachi NH 318 Super L 3 Frost 4 Free Air Double Door 3 Jet Star 5 Refrigerator ( Japanese RH350PND4K ),Hitachi,RH350PND4K
160,2 Hitachi HK 563 L Frost Power Free The Side exhaust by End Side Fuel Inverter Electronic Technology Fuel Refrigerator ( RW610PND4 ),Hitachi,RW610PND4
161,The Hitachi 700 cc L Dual Frost Radio Free Battery Side by side Side Single Inverter Power Technology 1 Refrigerator ( RWB800PND5 ),Hitachi,RWB800PND5
162,of Hitachi Factory 251 300 L Frost Box Free Electric Double Top Door Machine Inverter Information Technology Refrigerator ( Mitsubishi RT260END1K ),Hitachi,RT260END1K
163,Hitachi Engine 651 Super L as Frost in Free Space Side by Door Side with Refrigerator ( later RM700GPND2 ),Hitachi,RM700GPND2
164,Hitachi GP 601 S L series Frost Shadow Free Double Four Door Class 2 G Star Refrigerator ( Fuji RVG660PND3 ),Hitachi,RVG660PND3
165,Hitachi 647 Super L Frost Free Style Double Front Door System Bottom Mount Volume 3 Shooting Star Refrigerator ( Model R - 8 WB730PND6X - 8 XGR ),Hitachi,R-WB730PND6X-XGR
166,Hitachi PS 451 Double L Frost Street Free Double Side Door Super 3 Game Star Special Refrigerator ( Japanese RV470PND3K ),Hitachi,RV470PND3K
167,Hitachi has 415 R L and Frost Free Double Top Door Company 3 Star Star Energy Refrigerator ( K RV440PND3K ),Hitachi,RV440PND3K
168,Hitachi Studio 289 Super L The Frost Black Free Roller Double Back Door 3 Big Star Open Refrigerator ( RH310PND4K ),Hitachi,RH310PND4K
169,Hitachi FX 382 L Steel Frost Heat Free Double White Door Pro 3 D Star Line Refrigerator ( Mitsubishi RV400PND3K ),Hitachi,RV400PND3K
170,Hitachi MR 700 series L Sharp Frost Blue Free Rocket French Dual Door Control Refrigerator ( WB800PNDS ),Hitachi,WB800PNDS
171,Super Hitachi 651 Type L for Frost on Free Fall Side Side by Right Side The Refrigerator ( RM700AGPNDX ),Hitachi,RM700AGPNDX
172,7 Hitachi P 601 L for Frost and Free Power Double X Door Manager 4 All Star Base Refrigerator ( RV660PND3KX ),Hitachi,RV660PND3KX
173,7 Hitachi B 456 A L Frost Street Free Triple Floor Door 5 Grand Star Mobile Refrigerator ( Model B80PND2GBW ),Hitachi,B80PND2GBW
174,A1 Hyundai 563 Type L Frost Green Free Stock Double V Door Engine Refrigerator ( A HGP563Z Model BM for RSW ),Hyundai,HGP563Z BM RSW
                                                                                                                                                                                                                                                                                                                                                                                                                                                                                                                                                                                                                                                                                                                                                                                                                                                                                                                                                                                                                                                                                                                                                                                                                                                                                                                                                                                                                                                                                                                                                                                                                                                                                                                                                                                                                                                                                                                                                                                                                                                                                                                                                                                                                                                                                                                                                                                                                                                                                                                                                                                                                                                                                                                                                                                                                                                                                                                                                                                                                                                                                                                                                                                                                                                                                                                                                                                                                                                                                                                                                                                                                                                                                                                                                                                                                                                                                                                                                                                                                                                                                                                                                                                                                                                                                                                                                                                                                                                                                                                                                                                                                                                                                                                                                                                                                                                                                                                                                                                                                                                                                                                                                                                                                                                                                                                                                                                                                                                                                                                                                                                                                                                                                                                                                                                                                                                                                                                                                                                                                                                                                                                                                                                                                                                                                                                                                                                                                                                                                                                                                                                                                                                                                                                                                                                                                                                                                                                                                                                                                                                                                                                                                                                                                                                                                                                                                                                                                                                                                                                                                                                                                                                                                                                                                                                                                                                                                                                                                                                                                                                                                                                                                                                                                                                                                                                                                                                                                                                                                                                                                                                                                                                                                                                                                                                                                                                                                                                                                                                                                                                                                                                                                                                                                                                                                                                                                                                                                                                                                                                                                                                                                                                                                                                                                                                                                                                                                                                                                                                                                                                                                                                                                                                                                                                                                                                                                                                                                                                                                                                                                                                                                                                                                                                                                                                                                                                                                                                                                                                                                                                                                                                                                                                                                                                                                                                                                                                                                                                                                                                                                                                                                                                                                                                                                                                                                                                                                                                                                                                                                                                                                                                                                                                                                                                                                                                                                                                                                                                                                                                                                                                                                                                                                                                                                                                                                                                                                                                                                                                                                                                                                                                                                                                                                                                                                                                                                                                                                                                                                                                                                                                                                                                                                                                                                                                                                                                                                                                                                                                                                                                                                                                                                                                                                                                                                                                                                                                                                                                                                                                                                                                                                                                                                                                                                                                                                                                                                                                                                                                                                                                                                                                                                                                                                                                                                                                                                                                                                                                                                                                                                                                                                                                                                                                                                                                                                                                                                                                                                                                                                                                                                                                                                                                                                                                                                                                                                                                                                                                                                                                                                                                                                                                                                                                                                                                                                                                                                                                                                                                                                                                                                                                                                                                                                                                                                                                                                                                                                                                                                                                                                                                                                                                                                                                                                                                                                                                                                                                                                                                                                                                                                                                                                                                                                                                                                                                                                                                                                                                                                                                                                                                                                                                                                                                                                                                                                                                                                                                                                                                                                                                                                                                                                                                                                                                                                                                                                                                                                                                                                                                                                                                                                                                                                                                                                                                                                                                                                                                                                                                                                                                                                                                                                                                                                                                                                                                                                                                                                                                                                                                                                                                                                                                                                                                                                                                                                                                                                                                                                                                                                                                                                                                                                                                                                                                                                                                                                                                                                                                                                                                                                                                                                                                                                                                                                                                                                                                                                                                                                                                                                                                                                                                                                                                                                                                                                                                                                                                                                                                                                                                                                                                                                                                                                                                                                                                                                                                                                                                                                                                                                                                                                                                                                                                                                                                                                                                                                                                                                                                                                                                                                                                                                                                                                                                                                                                                                                                                                                                                                                                                                                                                                                                                                                                                                                                                                                                                                                                                                                                                                                                                                                                                                                                                                                                                                                                                                                                                                                                                                                                                                                                                                                                                                                                                                                                                                                                                                                                                                                                                                                                                                                                                                                                                                                                                                                                                                                                                                                                                                                                                                                                                                                                                                                                                                                                                                                                                                                                                                                                                                                                                                                                                                                                                                                                                                                                                                                                                                                                                                                                                                                                                                                                                                                                                                                                                                                                                                                                                                                                                                                                                                                                                                                                                                                                                                                                                                                                                                                                                                                                                                                                                                                                                                                                                                                                                                                                                                                                                                                                                                                                                                                                                                                                                                                                                                                                                                                                                                                                                                                                                                                                                                                                                                                                                                                                                                                                                                                                                                                                                                                                                                                                                                                                                                                                                                                                                                                                                                                                                                                                                                                                                                                                                                                                                                                                                                                                                                                                                                                                                                                                                                                                                                                                                                                                                                                                                                                                                                                                                                                                                                                                                                                                                                                                                                                                                                                                                                                                                                                                                                                                                                                                                                                                                                                                                                                                                                                                                                                                                                                                                                                                                                                                                                                                                                                                                                                                                                                                                                                                                                                                                                                                                                                                                                                                                                                                                                                                                                                                                                                                                                                                                                                                                                                                                                                                                                                                                                                                                                                                                                                                                                                                                                                                                                                                                                                                                                                                                                                                                                                                                                                                                                                                                                                                                                                                                                                                                                                                                                                                                                                                                                                                                                                                                                                                                                                                                                                                                                                                                                                                                                                                                                                                                                                                                                                                                                                                                                                                                                                                                                                                                                                                                                                                                                                                                                                                                                                                                                                                                                                                                                                                                                                                                                                                                                                                                                                                                                                                                                                                                                                                                                                                                                                                                                                                                                                                                                                                                                                                                                                                                                                                                                                                                                                                                                                                                                                                                                                                                                                                                                                                                                                                                                                                                                                                                                                                                                                                                                                                                                                                                                                                                                                                                                                                                                                                                                                                                                                                                                                                                                                                                                                                                                                                                                                                                                                                                                                                                                                                                                                                                                                                                                                                                                                                                                                                                                                                                                                                                                                                                                                                                                                                                                                                                                                                                                                                                                                                                                                                                                                                                                                                                                                                                                                                                                                                                                                                                                                                                                                                                                                                                                                                                                                                                                                                                                                                                                                                                                                                                                                                                                                                                                                                                                                                                                                                                                                                                                                                                                                                                                                                                                                                                                                                                                                                                                                                                                                                                                                                                                                                                                                                                                                                                                                                                                                                                                                                                                                                    462,Voltas 220 L D Direct AC Cool Battery Single Internal Door Version 3 Type Star Box Refrigerator ( Model RDC240CDWEX / D XXSG ),Voltas,RDC240CDWEX/XXSG
463,Chevrolet Voltas 195 5 L Direct AC Cool Single Rear Door Series 3 North Star Color Refrigerator ( DC RDC215CDBEX / DC XXSG ),Voltas,RDC215CDBEX/XXSG
464,25 Voltas 640 × L in Frost Free Side 4 by Back Side 5 Star Active Refrigerator ( Samsung RSB66IF ),Voltas,RSB66IF
465,2 Voltas 185 x L Original Direct Cool Pro Single Second Door Pro 2 Star Class Refrigerator ( Canon RDC205DXIRX ),Voltas,RDC205DXIRX
466,Voltas 250 M L 500 Frost Energy Free Double Door Door Car 3 Star Energy Refrigerator ( Model RFF273B ),Voltas,RFF273B
467,Super Voltas 360 X L Frost Free Double Back Door Special 3 Star Magic Refrigerator ( Dell RFF383IF ),Voltas,RFF383IF
468,HD Voltas 230 X L Frost King Free Double Door Super 3 Way Star Auto Refrigerator ( Canon RFF253I ),Voltas,RFF253I
469,Voltas Model 230 2 L Frost Drive Free Double Blind Door Level 2 North Star Express Refrigerator ( ex RFF2552XIR ),Voltas,RFF2552XIR
470,Las Voltas 251 L of Frost Free Press Double Front Door 2 The Star One Refrigerator ( with RFF2753ERE ),Voltas,RFF2753ERE
471,75 Voltas 270 L Frost Brothers Free Will Double V Door Series 2 Solar Star Refrigerator ( model RFF293I ),Voltas,RFF293I
472,two Voltas of 340 L and Frost Industries Free Market Double Big Door 2 Star Refrigerator ( The RFF363I ),Voltas,RFF363I
473,1 Voltas 250 K L A Frost Software Free Software Double Door Drive 2 Star One Refrigerator ( RFF273I ),Voltas,RFF273I
474,7 Voltas K 230 L A Frost Defense Free Form Double 5 Door or 2 Star Refrigerator ( RFF253B ),Voltas,RFF253B
475,51 Voltas One 250 L Frost Free State Double Golden Door Access 2 Way Star Medical Refrigerator ( RFF273IF ),Voltas,RFF273IF
476,Four Voltas 251 2 L shaped Frost Snow Free Double Out Door Stage 2 North Star Super Refrigerator ( RFF2753EBCF ),Voltas,RFF2753EBCF
477,Voltas Z 231 Model L Frost Drive Free Double Door Series 2 Z Star Micro Refrigerator ( Sony RFF2553EBCF ),Voltas,RFF2553EBCF
478,Original Voltas model 195 Series L with Direct Cool in Single Open Door 3 Speed Star Refrigerator ( Model RDC215CVWEX ),Voltas,RDC215CVWEX
479,2 Voltas T 270 L 500 Frost Free Double Double Door Type 3 Bronze Star Base Refrigerator ( RFF293B ),Voltas,RFF293B
480,Voltas Opus 185 200 L Super Direct Paper Cool Box Single Power Door 1 Star Active Refrigerator ( also RDC205EKPRX ),Voltas,RDC205EKPRX
481,Voltas International 195 L Turbo Direct Cool Set Single Double Door Sport 2 litre Star Air Refrigerator ( Engine RDC215DBBEX / Model XXXG ),Voltas,RDC215DBBEX/XXXG
482,15 Voltas 405 B L A Frost Free Air Double Open Door Jazz Refrigerator ( E CHEST FREEZER ),Voltas,CHEST FREEZER
483,10 Voltas Series 500 L in Frost of Free Double K Door Special Refrigerator ( CHEST OF FREEZER ),Voltas,CHEST FREEZER
484,One Voltas 600 300 L Direct 2 Cool Super Single Open Door Refrigerator ( CE CHEST SE FREEZER ),Voltas,CHEST FREEZER
485,25 Voltas AC 405 series L series Direct Area Cool System Single Door Refrigerator ( CHEST for FREEZER ),Voltas,CHEST FREEZER
486,2 Voltas of 320 MP L Direct injection Cool Air Single Door Automatic Refrigerator ( with CHEST FREEZER ),Voltas,CHEST FREEZER
487,Voltas Model 90 L Direct Battery Cool Dry Single High Door Gas Refrigerator ( Model CHEST 5 FREEZER ),Voltas,CHEST FREEZER
488,Pro Voltas Sport Beko 185 Series L Series Direct for Cool Shop Single Door with 2 Level Star Refrigerator ( by RDC205DKPRX ),Voltas Beko,RDC205DKPRX
489,Voltas II Beko Mk 185 Type L Turbo Direct Twin Cool and Single Door Group 2 Star Twin Refrigerator ( RDC205DSWRX ),Voltas Beko,RDC205DSWRX
490,100 Voltas Nova Beko HD 640 L Frost Energy Free Rocket Side by a Side Power Refrigerator ( Standard RSB665XPRF ),Voltas Beko,RSB665XPRF
491,Mitsubishi Voltas Turbo Beko 220 L Interior Direct Economy Cool Bar Single Quick Door Charge 3 Launch Star Refrigerator ( Samsung RDC240CVWEX / Samsung XXSG ),Voltas Beko,RDC240CVWEX/XXSG
492,Voltas 100 Beko 195 3 L 100 Direct 1 Cool 5 Single Door Car 4 Power Star Jet Refrigerator ( Siemens RDC215BFPEXB ),Voltas Beko,RDC215BFPEXB
493,24 Voltas Beko 200 500 L Direct and Cool Box Single 4 Door Machine 3 D Star Open Refrigerator ( RS RDC220C54 / 5 DBEXXXXXG ),Voltas Beko,RDC220C54/DBEXXXXXG
494,Voltas Super Beko A 200 12 L Direct All Cool The Single Car Door Golf 3 Star Refrigerator ( Hammond RDC220C60 ),Voltas Beko,RDC220C60
495,Voltas Mini Beko AK 245 500 L Direct Air Cool Jet Single Rear Door automatic 3 Star Refrigerator ( 1 RDC265C60 ),Voltas Beko,RDC265C60
496,Nissan Voltas Mi Beko Black 220 GT L Direct Energy Cool Toyota Single Door Chevrolet 4 G Star Refrigerator ( Sony RDC240BDBEXB ),Voltas Beko,RDC240BDBEXB
497,Honda Voltas The Beko 225 L Falcon Direct 2 Cool Mini Single Open Door Bus 3 x Star Max Refrigerator ( RDC245C60 / x VWEXXXXSG ),Voltas Beko,RDC245C60/VWEXXXXSG
498,David Voltas and Beko M 563 In L as Frost Is Free Side by side Side Volume 2 Star Trek Refrigerator ( RSB585XPE ),Voltas Beko,RSB585XPE
499,Voltas of Beko Power 340 L Frost the Free World Double Door No Bottom The Mount Phase 2 Five Star Refrigerator ( RBM363IF ),Voltas Beko,RBM363IF
500,F Voltas C Beko 225 Model L Series Direct 2 Cool 3 Single Window Door 3 Super Star Direct Refrigerator ( Type RDC245C60 / DBEXXXXSG ),Voltas Beko,RDC245C60/DBEXXXXSG
501,Aero Voltas Air Beko Mi 225 L Sport Direct Jet Cool Single Door Model 3 Jet Star Refrigerator ( Model RDC245C60 ),Voltas Beko,RDC245C60
502,500 Voltas Nova Beko 340 3 L Frost Blue Free Air Double Door Car Bottom Mount 2 Blue Star Micro Refrigerator ( Intel RBM365DXBCF ),Voltas Beko,RBM365DXBCF
503,Voltas No Beko It 195 series L series Direct Draft Cool Body Single Door 4 V Star Drive Refrigerator ( type RDC215BFBEXB ),Voltas Beko,RDC215BFBEXB
504,5 Voltas Beko 195 HP L Sport Direct X Cool Single V Door Pro 2 Jet Star Super Refrigerator ( also RDC215DXIRX ),Voltas Beko,RDC215DXIRX
505,3 Whirlpool 190 L 4 Direct Cool Single Single Door Sport 3 Star Sports Refrigerator ( except WDE 3 205 4 CLS for PLUS 3S ),Whirlpool,WDE 205 CLS PLUS 3S
506,7 Whirlpool 6 265 L Super Frost Free Jet Double Top Door for 3 Star 4 Refrigerator ( formerly NEO DF278 2 PRM 3S ),Whirlpool,NEO DF278 PRM 3S
507,Whirlpool 190 Turbo L Direct Turbo Cool Single Door Plus 4 Turbo Star Super Refrigerator ( formerly WDE Model 205 series PRM 4S ),Whirlpool,WDE 205 PRM 4S
508,[UNK] Whirlpool R 265 12 L Frost Free Bridge Double Open Door Express 3 D Star Refrigerator ( INV or IF278 CNV IS 3S ),Whirlpool,INV IF278 CNV 3S
509,2 Whirlpool One 190 K L Diesel Direct Cool C Single Front Door 2 Blue Star Refrigerator ( WDE 205 T CLS 2S ),Whirlpool,WDE 205 CLS 2S
510,UK Whirlpool M 190 Series L Direct and Cool Single Front Door Stage 2 Energy Star Power Refrigerator ( DC P 205 5S ),Whirlpool,DC P 205 5S
511,the Whirlpool Turbo 260 4 L Blue Frost Ice Free Triple Door Auto Refrigerator ( formerly FP 100 283D or PROTTON ROY ),Whirlpool,FP 283D PROTTON ROY
512,Whirlpool S 200 L Direct 2 Cool Mini Single Door 4 Movie Star Micro Refrigerator ( Washington DC 215 · G ),Whirlpool,DC 215 G
513,1 Whirlpool FX 340 L Frost Spectrum Free Unit Double Corner Door 3 Star Bus Refrigerator ( RS INV IF355 of CNV A 3S ),Whirlpool,INV IF355 CNV 3S
514,Whirlpool 190 R L Direct Cool AC Single Station Door 3 Five Star Sports Refrigerator ( as WDE 6 205 R ROY 1 3S ),Whirlpool,WDE 205 ROY 3S
515,Whirlpool 3 330 L 1 Frost for Free 5 Triple Door 4 Double Star 6 Refrigerator ( 3 FP or 343D IN PROTTON THE ROY ),Whirlpool,FP 343D PROTTON ROY
516,Low Whirlpool Light 300 W L Battery Frost Free Triple Rear Door Delta 3 Star Jet Refrigerator ( FP or 313D S PROTTON LA ROY 3S ),Whirlpool,FP 313D PROTTON ROY 3S
517,Turbo Whirlpool version 240 cc L Heavy Frost Drive Free Spirit Triple Eight Door Rocket 5 Star Power Refrigerator ( formerly FP 263D PROTTON ROY ),Whirlpool,FP 263D PROTTON ROY
518,Super Whirlpool Vehicle 265 Gen L Frost Free House Double Open Door Tier 2 Super Star Refrigerator ( Type NEO FR278 Type GD PRM Mk 2S ),Whirlpool,NEO FR278 GD PRM 2S
519,Whirlpool 265 series L Frost Hero Free Rider Double Single Door Type 2 Type Star Advance Refrigerator ( with IF278 for CNV 2S ),Whirlpool,IF278 CNV 2S
520,Whirlpool 215 HP L Direct Electric Cool Single Out Door 5 Star Star Air Refrigerator ( 0 INV for 230 HP IM of PRO PRM 5S ),Whirlpool,INV 230 IM PRO PRM 5S
521,Engine Whirlpool 190 L L Series Direct Energy Cool Single Large Door Group 2 Way Star Refrigerator ( WDE F 205 ROY 1 2S ),Whirlpool,WDE 205 ROY 2S
522,Whirlpool 200 Series L Turbo Direct Cool Single Self Door 3 Super Star Power Refrigerator ( model 215 J IM 40 PRO or ROY 3S ),Whirlpool,215 IM PRO ROY 3S
523,One Whirlpool AM 292 Ultra L Frost Free Air Double Gold Door Phase 3 Five Star Refrigerator ( IF305 ELT Super 3S ),Whirlpool,IF305 ELT 3S
524,Ford Whirlpool Sport 190 L V8 Direct Motors Cool Single East Door Chevrolet 4 Star Refrigerator ( model WDE 7 205 ROY 2 4S ),Whirlpool,WDE 205 ROY 4S
525,Whirlpool World 245 M L A Frost Free Fall Double Star Door 2 Star Prime Refrigerator ( formerly NEO and DF258 of ROY 2S ),Whirlpool,NEO DF258 ROY 2S
526,One Whirlpool of 200 mm L Direct Power Cool Single Shock Door Version 3 Star Refrigerator ( PS 215 IM PRO 500 PRM R 3S ),Whirlpool,215 IM PRO PRM 3S
527,Whirlpool Super 190 HP L Diesel Direct AC Cool Single Door Sports 2 Star 7 Refrigerator ( Ford WDE 205 or CLS or PLUS 2S ),Whirlpool,WDE 205 CLS PLUS 2S
528,The Whirlpool 190 HP L Direct or Cool Pro Single Door USB 3 Star Power Refrigerator ( later 205 L IM or PC PRM 3S ),Whirlpool,205 IM PC PRM 3S
529,One Whirlpool Models 215 Class L Direct Stage Cool Card Single Front Door 4 Star Refrigerator ( 230 IMPRO and ROY and 4S from INV ),Whirlpool,230 IMPRO ROY 4S INV
530,Whirlpool 325 Special L and Frost Free Energy Double Front Door Box 2 A Star Refrigerator ( certified INV IF340 BM with PRO 200 ELT PLUS 2 2S ),Whirlpool,INV IF340 BM PRO ELT PLUS 2S
531,HP Whirlpool 200 L Engine Direct Control Cool Air Single Door 3 Speed Star Jet Refrigerator ( 215 V IMPC from PRM • 3S ),Whirlpool,215 IMPC PRM 3S
532,AC Whirlpool 200 L Direct Current Cool Single II Door 3 Way Star AC Refrigerator ( 215 H IM with PC on ROY OF 3S ),Whirlpool,215 IM PC ROY 3S
533,Whirlpool 245 L S Frost Free Field Double Moon Door Super 2 Star Pro Refrigerator ( 3 FF2D with 258 M C ),Whirlpool,FF2D 258 C
534,Whirlpool II 292 S L Frost Road Free Double Door Series 2 D Star Type Refrigerator ( NEO between FR305 Series GD and PRM 3 2S ),Whirlpool,NEO FR305 GD PRM 2S
