ID,Title,Brand,Model
1,Bosch 347 L Frost Free Double Door 3 Star Refrigerator (KDN43VL40I),Bosch,KDN43VL40I
2,Bosch 415 L Frost Free Double Door 3 Star Refrigerator (KGN46XL40I),Bosch,KGN46XL40I
3,Bosch 332 L Frost Free Triple Door 3 Star Refrigerator (CMC33S05NI),Bosch,CMC33S05NI
4,Bosch 658 L Frost Free Side by Side 3 Star Refrigerator (KAN92VS30I),Bosch,KAN92VS30I
5,Bosch 658 L Frost Free Side by Side 5 Star Refrigerator (KAN92VI35I),Bosch,KAN92VI35I
6,Bosch 599 L Frost Free Double Door 2 Star Refrigerator (KGN56LB41I),Bosch,KGN56LB41I
7,Bosch 636 L Frost Free Side by Side 3 Star Refrigerator (KAD92SB30),Bosch,KAD92SB30
8,Bosch 263 L Frost Free Double Door Top Mount 3 Star Refrigerator (CTC27S03EI),Bosch,CTC27S03EI
9,Bosch 290 L Frost Free Double Door Top Mount 3 Star Refrigerator (CTC29BT3NI),Bosch,CTC29BT3NI
10,Bosch 501 L Frost Free Double Door 2 Star Refrigerator (KDD56XI30I),Bosch,KDD56XI30I
11,Bosch 507 L Frost Free Double Door 2 Star Refrigerator (KDN56XI30I),Bosch,KDN56XI30I
12,Bosch 655 L Frost Free Side by Side 5 Star Refrigerator (KAN92LB35I),Bosch,KAN92LB35I
13,Bosch 347 L Frost Free Double Door 3 Star Refrigerator (KDN43VD40I),Bosch,KDN43VD40I
14,Bosch 347 L Frost Free Double Door 3 Star Refrigerator (KDN43VL30I),Bosch,KDN43VL30I
15,Bosch 347 L Frost Free Double Door 3 Star Refrigerator (KDN43VV30I),Bosch,KDN43VV30I
16,Bosch 288 L Frost Free Double Door 3 Star Refrigerator (KDN30VL30I),Bosch,KDN30VL30I
17,Bosch 288 L Frost Free Double Door 3 Star Refrigerator (KDN30VU30I),Bosch,KDN30VU30I
18,Bosch 347 L Frost Free Double Door 4 Star Refrigerator (KDN43VB40I),Bosch,KDN43VB40I
19,Bosch 350 L Frost Free Double Door 3 Star Refrigerator (KDN43VR30I),Bosch,KDN43VR30I
20,Bosch 327 L Frost Free Double Door 3 Star Refrigerator (KDN42UL30I),Bosch,KDN42UL30I
21,Bosch 330 L Frost Free Double Door 2 Star Refrigerator (KDN42VL30I),Bosch,KDN42VL30I
22,Bosch 505 L Frost Free Double Door 2 Star Refrigerator (KGN57AI40I),Bosch,KGN57AI40I
23,Bosch 618 L Frost Free Side by Side 2 Star Refrigerator (KAN56V40NE),Bosch,KAN56V40NE
24,Bosch 401 L Frost Free Double Door 2 Star Refrigerator (KDN46XI30I),Bosch,KDN46XI30I
25,Bosch 330 L Frost Free Double Door 2 Star Refrigerator (KDN42VD30I),Bosch,KDN42VD30I
26,Bosch 288 L Frost Free Double Door 3 Star Refrigerator (KDN30UL30I),Bosch,KDN30UL30I
27,Bosch 401 L Frost Free Double Door 2 Star Refrigerator (KDD46XI30I),Bosch,KDD46XI30I
28,Bosch 454 L Frost Free Double Door 2 Star Refrigerator (KDN53XI30I),Bosch,KDN53XI30I
29,Bosch 288 L Frost Free Double Door 3 Star Refrigerator (KDN30VN30I),Bosch,KDN30VN30I
30,Bosch 327 L Frost Free Double Door 3 Star Refrigerator (KDN42UB30I),Bosch,KDN42UB30I
31,BPL 95 L Direct Cool Single Door 1 Star Refrigerator (BRC 1100BPMR),BPL,BRC 1100BPMR
32,Croma 170 L Direct Cool Single Door 2 Star Refrigerator (CRAR0215),Croma,CRAR0215
33,Croma 270 L Frost Free Double Door 2 Star Refrigerator (CRLR272FFC259601),Croma,CRLR272FFC259601
34,Croma 307 L Frost Free Double Door 3 Star Refrigerator (CRLR310FFD259607),Croma,CRLR310FFD259607
35,Croma 279 L Frost Free Double Door 2 Star Refrigerator (CRLR280FFC259602),Croma,CRLR280FFC259602
36,Croma 307 L Frost Free Double Door 2 Star Refrigerator (CRLR310FFC259603),Croma,CRLR310FFC259603
37,Croma 259 L Frost Free Double Door 3 Star Refrigerator (CRLR260FFD259606),Croma,CRLR260FFD259606
38,Croma 50 L Direct Cool Single Door 1 Star Refrigerator (CRAR0218),Croma,CRAR0218
39,Croma 347 L Frost Free Double Door 2 Star Refrigerator (CRAR2404),Croma,CRAR2404
40,Croma 310 L Frost Free Double Door 2 Star Refrigerator (CRAR2403),Croma,CRAR2403
41,Croma 225 L Direct Cool Single Door 2 Star Refrigerator (CRAR0214),Croma,CRAR0214
42,Croma 584 L Frost Free Side by Side 3 Star Refrigerator (CRAR2601),Croma,CRAR2601
43,Croma 592 L Frost Free Side by Side 3 Star Refrigerator (CRAR2621),Croma,CRAR2621
44,Croma 263 L Frost Free Double Door 2 Star Refrigerator (CRAR2522),Croma,CRAR2522
45,Croma 541 L Frost Free Double Door 2 Star Refrigerator (CRAR2525),Croma,CRAR2525
46,Croma 170 L Direct Cool Single Door 2 Star Refrigerator (CRLRFC403sD170),Croma,CRLRFC403sD170
47,Croma 170 L Direct Cool Single Door 3 Star Refrigerator (CRAC0211),Croma,CRAC0211
48,Croma 270 L Frost Free Double Door 3 Star Refrigerator (CRAR2386),Croma,CRAR2386
49,Croma 190 L Direct Cool Single Door 3 Star Refrigerator (CRAR0212),Croma,CRAR0212
50,Croma 225 L Direct Cool Single Door 2 Star Refrigerator (CRAR0213),Croma,CRAR0213
51,Croma 92 L Direct Cool Single Door 1 Star Refrigerator (CRLRFC402sD100),Croma,CRLRFC402sD100
52,Croma 170 L Direct Cool Single Door 4 Star Refrigerator (CRAR0208),Croma,CRAR0208
53,Croma 170 L Direct Cool Single Door 3 Star Refrigerator (CRAR0211),Croma,CRAR0211
54,Croma 310 L Frost Free Double Door 3 Star Refrigerator (CRAR2401),Croma,CRAR2401
55,Croma 335 L Frost Free Double Door 3 Star Refrigerator (CRAR2402),Croma,CRAR2402
56,Croma 435 L Frost Free Double Door 1 Star Refrigerator (CRAR2523),Croma,CRAR2523
57,Electrolux 470 L Frost Free Double Door 2 Star Refrigerator (ETB4702AA),Electrolux,ETB4702AA
58,Electrolux 190 L Direct Cool Single Door 3 Star Refrigerator (EN205PTSV),Electrolux,EN205PTSV
59,Electrolux 80 L Direct Cool Single Door 1 Star Refrigerator (HEC091PSH),Electrolux,HEC091PSH
60,Electrolux 47 L Direct Cool Single Door 2 Star Refrigerator (EC060PSH),Electrolux,EC060PSH
61,Electrolux 190 L Direct Cool Single Door 3 Star Refrigerator (EB203EBR),Electrolux,EB203EBR
62,Electrolux 370 L Frost Free Triple Door Refrigerator (EME3700MG),Electrolux,EME3700MG
63,Electrolux 524 L Frost Free French Door Refrigerator (EHE5200SA),Electrolux,EHE5200SA
64,Electrolux 235 L Frost Free Double Door 2 Star Refrigerator (REF EP242LSVHFB),Electrolux,REF EP242LSVHFB
65,Electrolux 190 L Frost Free Double Door 2 Star Refrigerator (REF EP202LSVHFB),Electrolux,REF EP202LSVHFB
66,Electrolux 215 L Direct Cool Single Door 3 Star Refrigerator (Euro Neo EN225PTSV),Electrolux,Euro Neo EN225PTSV
67,Electrolux 190 L Direct Cool Single Door 3 Star Refrigerator (REF EC203PTBRHDB),Electrolux,REF EC203PTBRHDB
68,Electrolux 235 L Frost Free Double Door 2 Star Refrigerator (EP242LMD),Electrolux,EP242LMD
69,Electrolux 170 L Direct Cool Single Door 2 Star Refrigerator (EB183P),Electrolux,EB183P
70,Electrolux 215 L Direct Cool Single Door 5 Star Refrigerator (EN225PTSH),Electrolux,EN225PTSH
71,Electrolux 80 L Direct Cool Single Door 1 Star Refrigerator (EC091PNSH),Electrolux,EC091PNSH
72,Electrolux 245 L Direct Cool Single Door 3 Star Refrigerator (EN255LSCSV),Electrolux,EN255LSCSV
73,Electrolux 150 L Direct Cool Single Door 1 Star Refrigerator (EJ163PT),Electrolux,EJ163PT
74,Electrolux 235 L Frost Free Double Door 2 Star Refrigerator (REF EP242LMDHFB),Electrolux,REF EP242LMDHFB
75,Electrolux 190 L Direct Cool Single Door 2 Star Refrigerator (REF EBP203KSFDA),Electrolux,REF EBP203KSFDA
76,Electrolux 170 L Direct Cool Single Door 3 Star Refrigerator (REF EB183EBRHDA),Electrolux,REF EB183EBRHDA
77,Electrolux 80 L Direct Cool Single Door 1 Star Refrigerator (EC090PSH),Electrolux,EC090PSH
78,Electrolux 150 L Direct Cool Single Door 3 Star Refrigerator (EBP163),Electrolux,EBP163
79,GEM 180 L Direct Cool Single Door 2 Star Refrigerator (DC 1902),GEM,DC 1902
80,Godrej 260 L Frost Free Double Door Top Mount 3 Star Refrigerator (RF EON 260C 35 RCIF),Godrej,RF EON 260C 35 RCIF
81,Godrej 185 L Direct Cool Single Door 2 Star Refrigerator (RD EDGE 200B),Godrej,RD EDGE 200B
82,Godrej 244 L Frost Free Double Door 3 Star Refrigerator (RF EON 244C 35 RCIF),Godrej,RF EON 244C 35 RCIF
83,Godrej 185 L Direct Cool Single Door 3 Star Refrigerator (RD 1853 PM 3.2),Godrej,RD 1853 PM 3.2
84,Godrej 190 L Direct Cool Single Door 5 Star Refrigerator (RD 1905 PTDI 53),Godrej,RD 1905 PTDI 53
85,Godrej 99 L Direct Cool Single Door 2 Star Refrigerator (RD CHAMP 114B),Godrej,RD CHAMP 114B
86,Godrej 255 L Frost Free Double Door 2 Star Refrigerator (RF EON 255B 25 HI),Godrej,RF EON 255B 25 HI
87,Godrej 185 L Direct Cool Single Door 2 Star Refrigerator (RD EDGE 200B 23 WRF PL PR),Godrej,RD EDGE 200B 23 WRF PL PR
88,Godrej 190 L Direct Cool Single Door 5 Star Refrigerator (RD EDGEPRO 205 TAI 5.2),Godrej,RD EDGEPRO 205 TAI 5.2
89,Godrej 231 L Frost Free Double Door 1 Star Refrigerator (RF EON 245A 15 HF),Godrej,RF EON 245A 15 HF
90,Godrej 190 L Direct Cool Single Door 4 Star Refrigerator (RD EDGEPRO 205D 43 TAI),Godrej,RD EDGEPRO 205D 43 TAI
91,Godrej 190 L Direct Cool Single Door 4 Star Refrigerator (RD 1904 PTI 43 SI ST),Godrej,RD 1904 PTI 43 SI ST
92,Godrej 210 L Direct Cool Single Door 3 Star Refrigerator (RD EDGEPRO 225C 33 TAF),Godrej,RD EDGEPRO 225C 33 TAF
93,Godrej 190 L Direct Cool Single Door 3 Star Refrigerator (RD EDGE 205C 33 TAI),Godrej,RD EDGE 205C 33 TAI
94,Godrej 190 L Direct Cool Single Door 5 Star Refrigerator (RD 1905 PTI 53 SI ST),Godrej,RD 1905 PTI 53 SI ST
95,Godrej 190 L Direct Cool Single Door 4 Star Refrigerator (RD 1904 PTDI 43 DI),Godrej,RD 1904 PTDI 43 DI
96,Godrej 253 L Frost Free Double Door 2 Star Refrigerator (RT EONALPHA 270B 25 RI JD WN),Godrej,RT EONALPHA 270B 25 RI JD WN
97,Godrej 215 L Direct Cool Single Door 5 Star Refrigerator (RD UNO 2155 PTDI),Godrej,RD UNO 2155 PTDI
98,Godrej 470 L Frost Free Double Door 3 Star Refrigerator (RT EON VESTA 485MDI3.4),Godrej,RT EON VESTA 485MDI3.4
99,Godrej 251 L Direct Cool Single Door 3 Star Refrigerator (RD EDGESX 266C 33 TAI GL WN),Godrej,RD EDGESX 266C 33 TAI GL WN
100,Godrej 200 L Direct Cool Single Door 3 Star Refrigerator (RD EDGE 215C 33 TAI),Godrej,RD EDGE 215C 33 TAI
101,Godrej 192 L Direct Cool Single Door 2 Star Refrigerator (RD EDGERIO 207B 23 TRF),Godrej,RD EDGERIO 207B 23 TRF
102,Godrej 190 L Direct Cool Single Door 3 Star Refrigerator (RD 1903 PTD 33),Godrej,RD 1903 PTD 33
103,Godrej 200 L Direct Cool Single Door 4 Star Refrigerator (RD EDGE 215D 43 TDI),Godrej,RD EDGE 215D 43 TDI
104,Godrej 210 L Direct Cool Single Door 4 Star Refrigerator (RD EDGEPRO 225D 43 TAI),Godrej,RD EDGEPRO 225D 43 TAI
105,Godrej 190 L Direct Cool Single Door 5 Star Refrigerator (RD EPRO 205 TDI 5.2),Godrej,RD EPRO 205 TDI 5.2
106,Godrej 430 L Frost Free Double Door Bottom Mount 3 Star Refrigerator (RB NXW AURA 445MDI 3.4),Godrej,RB NXW AURA 445MDI 3.4
107,Godrej 564 L Frost Free Side by Side Refrigerator (RS Eonvelvet 579 RFD PL ST),Godrej,RS Eonvelvet 579 RFD PL ST
108,Godrej 190 L Direct Cool Single Door 4 Star Refrigerator (RD EDGEPRO 205D 43 TAI JW WN),Godrej,RD EDGEPRO 205D 43 TAI JW WN
109,Godrej 190 L Direct Cool Single Door 3 Star Refrigerator (RD EDGEPRO 205C 33 TAF),Godrej,RD EDGEPRO 205C 33 TAF
110,Haier 190 L Direct Cool Single Door 3 Star Refrigerator (HED-19TBR),Haier,HED-19TBR
111,Haier 190 L Direct Cool Single Door 2 Star Refrigerator (HRD-1902CMS-E),Haier,HRD-1902CMS-E
112,Haier 258 L Frost Free Double Door 3 Star Refrigerator (HEB-25TDS),Haier,HEB-25TDS
113,Haier 181 L Direct Cool Single Door 2 Star Refrigerator (HED-1812BKS-E),Haier,HED-1812BKS-E
114,Haier 195 L Direct Cool Single Door 4 Star Refrigerator (HED-20CKS),Haier,HED-20CKS
115,Haier 258 L Frost Free Double Door 3 Star Refrigerator (HEF-25TDS),Haier,HEF-25TDS
116,Haier 258 L Frost Free Double Door 3 Star Refrigerator (HRF-2783CKG-E),Haier,HRF-2783CKG-E
117,Haier 220 L Direct Cool Single Door 4 Star Refrigerator (HED-22CFDS),Haier,HED-22CFDS
118,Haier 258 L Frost Free Double Door 2 Star Refrigerator (HEF-25TGS),Haier,HEF-25TGS
119,Haier 345 L Frost Free Double Door 3 Star Refrigerator (HEF 35TKS),Haier,HEF 35TKS
120,Haier 320 L Frost Free Double Door 3 Star Refrigerator (HRB-3404PSG-E),Haier,HRB-3404PSG-E
121,Haier 256 L Frost Free Double Door 3 Star Refrigerator (HRB 2764CIS E),Haier,HRB 2764CIS E
122,Haier 570 L Frost Free Side by Side 5 Star Refrigerator (HRF-622KS),Haier,HRF-622KS
123,Haier 195 L Direct Cool Single Door 4 Star Refrigerator (HRD 1954CRP E),Haier,HRD 1954CRP E
124,Haier 570 L Frost Free Side by Side Refrigerator (HRF-622SS),Haier,HRF-622SS
125,Haier 195 L Direct Cool Single Door 4 Star Refrigerator (HRD-1954PMG-F),Haier,HRD-1954PMG-F
126,Haier 100 L Frost Free Single Door 5 Star Refrigerator (HCF-100HTQ),Haier,HCF-100HTQ
127,Haier 256 L Frost Free Double Door 4 Star Refrigerator (HRB-2764PSG-E),Haier,HRB-2764PSG-E
128,Haier 258 L Frost Free Double Door 3 Star Refrigerator (HRF-2783BKS-E),Haier,HRF-2783BKS-E
129,Haier 340 L Air Flow Single Door 5 Star Refrigerator (HVC-340G),Haier,HVC-340G
130,Haier 531 L Frost Free Side by Side 3 Star Refrigerator (HRB-550KG),Haier,HRB-550KG
131,Haier 256 L Frost Free Double Door 4 Star Refrigerator (HRB-2764PMG-E),Haier,HRB-2764PMG-E
132,Haier 570 L Frost Free Side by Side Inverter Technology Refrigerator (HRF-622KG),Haier,HRF-622KG
133,Haier 195 L Direct Cool Single Door 4 Star Refrigerator (HRD-1954CBS-E),Haier,HRD-1954CBS-E
134,Haier 320 L Frost Free Double Door 2 Star Refrigerator (HRB-3404PMG-E),Haier,HRB-3404PMG-E
135,Haier 258 L Frost Free Double Door 3 Star Refrigerator (HRF-2783CRB-E),Haier,HRF-2783CRB-E
136,Haier 195 L Direct Cool Single Door 5 Star Refrigerator (HRD-1955CBS-E),Haier,HRD-1955CBS-E
137,Haier 276 L Frost Free Double Door Bottom Mount 3 Star Refrigerator (HRB-2964PSG-E),Haier,HRB-2964PSG-E
138,Haier 192 L Direct Cool Single Door 3 Star Refrigerator (HRD-1923PMG-E),Haier,HRD-1923PMG-E
139,Haier 278 L Frost Free Double Door 3 Star Refrigerator (HEF-27TMS-E),Haier,HEF-27TMS-E
140,Hisense 564 L Frost Free Side by Side Refrigerator (RS564N4SBNW),Hisense,RS564N4SBNW
141,Hisense 507 L Frost Free French Door Refrigerator (RQ507N4SSVW),Hisense,RQ507N4SSVW
142,Hisense 564 L Frost Free Side by Side Refrigerator (RS564N4SSNW),Hisense,RS564N4SSNW
143,Hisense 411 L Frost Free Double Door 2 Star Refrigerator (RT488N4ASB2),Hisense,RT488N4ASB2
144,Hitachi 601 L Frost Free Double Door 2 Star Refrigerator (R-VG660PND7-GGR),Hitachi,R-VG660PND7-GGR
145,Hitachi 375 L Frost Free Double Door 2 Star Refrigerator (R-VG400PND8-GBK),Hitachi,R-VG400PND8-GBK
146,Hitachi 525 L Frost Free Double Door Bottom Mount 2 Star Refrigerator (R-B570PND7-GBW),Hitachi,R-B570PND7-GBW
147,Hitachi 466 L Frost Free Double Door 3 Star Refrigerator (RB500PND6),Hitachi,RB500PND6
148,Hitachi 415 L Frost Free Double Door 2 Star Refrigerator (R-VG440PND8-GBK),Hitachi,R-VG440PND8-GBK
149,Hitachi 489 L Frost Free Double Door 2 Star Refrigerator (R-VG540PND7-GGR),Hitachi,R-VG540PND7-GGR
150,Hitachi 650 L Frost Free Side by Side Inverter Technology Refrigerator (RWB730PND5),Hitachi,RWB730PND5
151,Hitachi 510 L Frost Free French Door Bottom Mount 3 Star Refrigerator (R-WB560PND9-GBW),Hitachi,R-WB560PND9-GBW
152,Hitachi 659 L Frost Free Side by Side Inverter Technology Refrigerator (RS700PND2),Hitachi,RS700PND2
153,Hitachi 451 L Frost Free Multi Door 5 Star Refrigerator (R-WB490PND9-GBW),Hitachi,R-WB490PND9-GBW
154,Hitachi 443 L Frost Free Double Door 2 Star Refrigerator (R-VG470PND8-GBK),Hitachi,R-VG470PND8-GBK
155,Hitachi 451 L Frost Free Double Door 2 Star Refrigerator (RVG470PND3),Hitachi,RVG470PND3
156,Hitachi 404 L Frost Free Triple Door 5 Star Refrigerator (RSG38FPND),Hitachi,RSG38FPND
157,Hitachi 342 L Frost Free Triple Door Inverter Technology Refrigerator (RSG32FPND),Hitachi,RSG32FPND
158,Hitachi 638 L Frost Free Side by Side 5 Star Refrigerator (RW720FPND1X),Hitachi,RW720FPND1X
159,Hitachi 318 L Frost Free Double Door 3 Star Refrigerator (RH350PND4K),Hitachi,RH350PND4K
160,Hitachi 563 L Frost Free Side by Side Inverter Technology Refrigerator (RW610PND4),Hitachi,RW610PND4
161,Hitachi 700 L Frost Free Side by Side Inverter Technology Refrigerator (RWB800PND5),Hitachi,RWB800PND5
162,Hitachi 251 L Frost Free Double Door Inverter Technology Refrigerator (RT260END1K),Hitachi,RT260END1K
163,Hitachi 651 L Frost Free Side by Side Refrigerator (RM700GPND2),Hitachi,RM700GPND2
164,Hitachi 601 L Frost Free Double Door 2 Star Refrigerator (RVG660PND3),Hitachi,RVG660PND3
165,Hitachi 647 L Frost Free Double Door Bottom Mount 3 Star Refrigerator (R-WB730PND6X-XGR),Hitachi,R-WB730PND6X-XGR
166,Hitachi 451 L Frost Free Double Door 3 Star Refrigerator (RV470PND3K),Hitachi,RV470PND3K
167,Hitachi 415 L Frost Free Double Door 3 Star Refrigerator (RV440PND3K),Hitachi,RV440PND3K
168,Hitachi 289 L Frost Free Double Door 3 Star Refrigerator (RH310PND4K),Hitachi,RH310PND4K
169,Hitachi 382 L Frost Free Double Door 3 Star Refrigerator (RV400PND3K),Hitachi,RV400PND3K
170,Hitachi 700 L Frost Free French Door Refrigerator (WB800PNDS),Hitachi,WB800PNDS
171,Hitachi 651 L Frost Free Side by Side Refrigerator (RM700AGPNDX),Hitachi,RM700AGPNDX
172,Hitachi 601 L Frost Free Double Door 4 Star Refrigerator (RV660PND3KX),Hitachi,RV660PND3KX
173,Hitachi 456 L Frost Free Triple Door 5 Star Refrigerator (B80PND2GBW),Hitachi,B80PND2GBW
174,Hyundai 563 L Frost Free Double Door Refrigerator (HGP563Z BM RSW),Hyundai,HGP563Z BM RSW
175,Kelvinator 95 L Direct Cool Single Door 1 Star Refrigerator (KRC-A110SGP),Kelvinator,KRC-A110SGP
176,Kelvinator 190 L Direct Cool Single Door 2 Star Refrigerator (KRD A210 MRP),Kelvinator,KRD A210 MRP
177,Kelvinator 190 L Direct Cool Single Door 2 Star Refrigerator (KRD A210HSP),Kelvinator,KRD A210HSP
178,Kelvinator 170 L Direct Cool Single Door 3 Star Refrigerator (KRD A190MRP),Kelvinator,KRD A190MRP
179,Kelvinator 190 L Direct Cool Single Door 3 Star Refrigerator (KW203PMHFDA),Kelvinator,KW203PMHFDA
180,Kelvinator 170 L Direct Cool Single Door 3 Star Refrigerator (KWE183),Kelvinator,KWE183
181,Kelvinator 245 L Frost Free Double Door 2 Star Refrigerator (KSP252FRC),Kelvinator,KSP252FRC
182,Kelvinator 245 L Direct Cool Single Door 5 Star Refrigerator (KO255LTPR),Kelvinator,KO255LTPR
183,Kelvinator 190 L Direct Cool Single Door 4 Star Refrigerator (KSE204),Kelvinator,KSE204
184,Kelvinator 170 L Direct Cool Single Door 3 Star Refrigerator (KW183ESG),Kelvinator,KW183ESG
185,Kelvinator 150 L Direct Cool Single Door 3 Star Refrigerator (KW163PTHG),Kelvinator,KW163PTHG
186,Kelvinator 190 L Direct Cool Single Door 3 Star Refrigerator (KS203E),Kelvinator,KS203E
187,Kelvinator 170 L Direct Cool Single Door 3 Star Refrigerator (KW183EBR),Kelvinator,KW183EBR
188,Kelvinator 190 L Frost Free Double Door 2 Star Refrigerator (KP202PHG),Kelvinator,KP202PHG
189,Kelvinator 170 L Direct Cool Single Door 3 Star Refrigerator (KW183E),Kelvinator,KW183E
190,Kelvinator 150 L Direct Cool Single Door 1 Star Refrigerator (KW163P),Kelvinator,KW163P
191,Kelvinator 190 L Direct Cool Single Door 3 Star Refrigerator (KW203PSHFDW),Kelvinator,KW203PSHFDW
192,Koryo 225 L Direct Cool Single Door 3 Star Refrigerator (KDR250S3),Koryo,KDR250S3
193,Koryo 45 L Direct Cool Single Door 5 Star Refrigerator (KMR45SV),Koryo,KMR45SV
194,Koryo 509 L Frost Free Side by Side Refrigerator (KSBS549INV),Koryo,KSBS549INV
195,Koryo 190 L Direct Cool Single Door 3 Star Refrigerator (KDR210S3),Koryo,KDR210S3
196,Koryo 591 L Frost Free Side by Side Inverter Technology Refrigerator (KSBS607BKINWD),Koryo,KSBS607BKINWD
197,Koryo 190 L Direct Cool Single Door 3 Star Refrigerator (KDR215MR3F),Koryo,KDR215MR3F
198,Koryo 190 L Direct Cool Single Door 3 Star Refrigerator (KDR210DS3F),Koryo,KDR210DS3F
199,Koryo 190 L Direct Cool Single Door 3 Star Refrigerator (KDR210DR3F),Koryo,KDR210DR3F
200,Koryo 584 L Frost Free Side by Side 4 Star Refrigerator (KSBS605GLD),Koryo,KSBS605GLD
201,Koryo 225 L Direct Cool Single Door 4 Star Refrigerator (KDR250S2),Koryo,KDR250S2
202,Koryo 584 L Frost Free Side by Side 3 Star Refrigerator (KSBS605INV),Koryo,KSBS605INV
203,Koryo 100 L Direct Cool Single Door Refrigerator (KCH100BG),Koryo,KCH100BG
204,Koryo 190 L Direct Cool Single Door 3 Star Refrigerator (KDR215BM3F),Koryo,KDR215BM3F
205,Koryo 584 L Frost Free Side by Side Refrigerator (KSBS605BKINV),Koryo,KSBS605BKINV
206,Koryo 591 L Frost Free Side by Side Inverter Technology Refrigerator (KSBS607INWD),Koryo,KSBS607INWD
207,LG 437 L Frost Free Double Door 2 Star Refrigerator (GL T432APZY),LG,GL T432APZY
208,LG 215 L Direct Cool Single Door 4 Star Refrigerator (GL B221ASCY),LG,GL B221ASCY
209,LG 45 L Direct Cool Single Door 2 Star Refrigerator (GL M051RSWC),LG,GL M051RSWC
210,LG 190 L Direct Cool Single Door 5 Star Refrigerator (GL D201APZZ),LG,GL D201APZZ
211,LG 235 L Direct Cool Single Door 4 Star Refrigerator (GL D241ASCY),LG,GL D241ASCY
212,LG 190 L Direct Cool Single Door 4 Star Refrigerator (GL D201ASCY),LG,GL D201ASCY
213,LG 190 L Direct Cool Single Door 5 Star Refrigerator (GL-D201ABEZ),LG,GL-D201ABEZ
214,LG 190 L Direct Cool Single Door 5 Star Refrigerator (GL B201ASPY),LG,GL B201ASPY
215,LG 215 L Direct Cool Single Door 4 Star Refrigerator (GL B221APZY),LG,GL B221APZY
216,LG 308 L Frost Free Double Door 3 Star Refrigerator (GL T322RHPN),LG,GL T322RHPN
217,LG 190 L Direct Cool Single Door 4 Star Refrigerator (GL B201ASCY),LG,GL B201ASCY
218,LG 215 L Direct Cool Single Door 5 Star Refrigerator (GL B221ASCZ),LG,GL B221ASCZ
219,LG 204 L Direct Cool Single Door 4 Star Refrigerator (GL D211CPZY),LG,GL D211CPZY
220,LG 190 L Direct Cool Single Door 4 Star Refrigerator (GL D201ABPY),LG,GL D201ABPY
221,LG 260 L Frost Free Double Door 4 Star Refrigerator (GL T292RPZX),LG,GL T292RPZX
222,LG 190 L Direct Cool Single Door 4 Star Refrigerator (GL D201AHCY),LG,GL D201AHCY
223,LG 190 L Direct Cool Single Door 3 Star Refrigerator (GL B201APZD),LG,GL B201APZD
224,LG 215 L Direct Cool Single Door 4 Star Refrigerator (GL D221ABCY),LG,GL D221ABCY
225,LG 270 L Direct Cool Single Door 3 Star Refrigerator (GL B281BBCX),LG,GL B281BBCX
226,LG 340 L Frost Free Double Door 3 Star Refrigerator (GL T342VESX),LG,GL T342VESX
227,LG 270 L Direct Cool Single Door 4 Star Refrigerator (GL B281BPZX),LG,GL B281BPZX
228,LG 408 L Frost Free Double Door 3 Star Refrigerator (GL T412VPZX),LG,GL T412VPZX
229,LG 260 L Frost Free Double Door 2 Star Refrigerator (GL S292RBCY),LG,GL S292RBCY
230,LG 423 L Frost Free Double Door 3 Star Refrigerator (GL T422VPZX),LG,GL T422VPZX
231,LG 235 L Direct Cool Single Door 3 Star Refrigerator (GL-D241ABCD),LG,GL-D241ABCD
232,LG 215 L Direct Cool Single Door 5 Star Refrigerator (GL D221AESZ),LG,GL D221AESZ
233,LG 408 L Frost Free Double Door 3 Star Refrigerator (GL T412VDSX),LG,GL T412VDSX
234,LG 423 L Frost Free Double Door 3 Star Refrigerator (GL T422VESX),LG,GL T422VESX
235,LG 360 L Frost Free Double Door 3 Star Refrigerator (GL T402JES3),LG,GL T402JES3
236,LG 190 L Direct Cool Single Door 2 Star Refrigerator (GL-D199OBPC),LG,GL-D199OBPC
237,Lifelong 505 L Frost Free Side by Side Refrigerator (LLSBSR505),Lifelong,LLSBSR505
238,Lifelong 460 L Frost Free Side by Side Refrigerator (LLSBSR460),Lifelong,LLSBSR460
239,Lifelong 505 L Frost Free Side by Side Refrigerator (LLSBSR505BG),Lifelong,LLSBSR505BG
240,Lifelong 4 L Thermoelectric Cooling Single Door Refrigerator (LLPR04W),Lifelong,LLPR04W
241,Lifelong 500 L Frost Free Multi-Door Refrigerator (LL4DR500RG),Lifelong,LL4DR500RG
242,Lifelong 4 L Thermoelectric Cooling Single Door Refrigerator (LLPR04R),Lifelong,LLPR04R
243,Lloyd 310 L Frost Free Double Door 2 Star Refrigerator (GLFF312AMWT1PB),Lloyd,GLFF312AMWT1PB
244,Lloyd 587 L Frost Free Side by Side Refrigerator (GLSF590DGGT1LB),Lloyd,GLSF590DGGT1LB
245,Lloyd 276 L Frost Free Double Door 2 Star Refrigerator (GLFF282ASRT1PB),Lloyd,GLFF282ASRT1PB
246,Lloyd 225 L Direct Cool Single Door 2 Star Refrigerator (GLDC242SBWT2PB),Lloyd,GLDC242SBWT2PB
247,Lloyd 340 L Frost Free Double Door 2 Star Refrigerator (GLFF342AHGT1PB),Lloyd,GLFF342AHGT1PB
248,Lloyd 310 L Frost Free Double Door 3 Star Refrigerator (GLFF313AHGT1PB),Lloyd,GLFF313AHGT1PB
249,Lloyd 340 L Frost Free Double Door 3 Star Refrigerator (GLFF343AHGT1PB),Lloyd,GLFF343AHGT1PB
250,Lloyd 200 L Direct Cool Single Door 2 Star Refrigerator (GLDC212SBWT2PB),Lloyd,GLDC212SBWT2PB
251,Lloyd 200 L Direct Cool Single Door 2 Star Refrigerator (GLDC212SGBT2PB),Lloyd,GLDC212SGBT2PB
252,Lloyd 310 L Frost Free Double Door 3 Star Refrigerator (GLFF313ADST1PB),Lloyd,GLFF313ADST1PB
253,Lloyd 91 L Direct Cool Single Door 1 Star Refrigerator (GLDC111RMGW1EB),Lloyd,GLDC111RMGW1EB
254,Lloyd 200 L Direct Cool Single Door 4 Star Refrigerator (GLDF214SS1PB),Lloyd,GLDF214SS1PB
255,Lloyd 200 L Direct Cool Single Door 4 Star Refrigerator (GLDF214SBWS2PB),Lloyd,GLDF214SBWS2PB
256,Lloyd 225 L Direct Cool Single Door 3 Star Refrigerator (GLDF243SBBT2PB),Lloyd,GLDF243SBBT2PB
257,Lloyd 200 L Direct Cool Single Door 3 Star Refrigerator (GLDF213SBBT2PB),Lloyd,GLDF213SBBT2PB
258,Lloyd 200 L Direct Cool Single Door 4 Star Refrigerator (GLDF214ST2PB),Lloyd,GLDF214ST2PB
259,Lloyd 255 L Direct Cool Single Door 3 Star Refrigerator (GLDF273SSBT2PB),Lloyd,GLDF273SSBT2PB
260,Lloyd 340 L Frost Free Double Door 3 Star Refrigerator (GLFF343ADST1PB),Lloyd,GLFF343ADST1PB
261,Lloyd 200 L Direct Cool Single Door 3 Star Refrigerator (GLDC213ST2PB),Lloyd,GLDC213ST2PB
262,Lloyd 519 L Frost Free Multi Door Inverter Technology Star Refrigerator (GLMF520DSST1GB),Lloyd,GLMF520DSST1GB
263,Lloyd 200 L Direct Cool Single Door 4 Star Refrigerator (GLDF214SBBS2PB),Lloyd,GLDF214SBBS2PB
264,Lloyd 587 L Frost Free Side by Side Refrigerator (GLSF590DGLT1LB),Lloyd,GLSF590DGLT1LB
265,Lloyd 587 L Frost Free Side by Side Refrigerator (GLSF590DSST1PB),Lloyd,GLSF590DSST1PB
266,Lloyd 255 L Direct Cool Single Door 2 Star Refrigerator (GLDC272SGBT2PB),Lloyd,GLDC272SGBT2PB
267,Lloyd 252 L Frost Free Double Door 2 Star Refrigerator (GLFF262EDST1PB),Lloyd,GLFF262EDST1PB
268,Lloyd 340 L Frost Free Double Door 2 Star Refrigerator (GLFF342ASRT1PB),Lloyd,GLFF342ASRT1PB
269,Lloyd 310 L Frost Free Double Door 2 Star Refrigerator (GLFF312ASRT1PB),Lloyd,GLFF312ASRT1PB
270,MarQ by Flipkart 468 L Frost Free Side by Side Refrigerator (468ASMQS),MarQ by Flipkart,468ASMQS
271,MarQ by Flipkart 90 L Direct Cool Single Door 1 Star Refrigerator (100BD1MQG1),MarQ by Flipkart,100BD1MQG1
272,MarQ by Flipkart 190 L Direct Cool Single Door 3 Star Refrigerator (190BD3MQW),MarQ by Flipkart,190BD3MQW
273,MarQ by Flipkart 271 L Frost Free Double Door 2 Star Refrigerator (272JF2MQDS),MarQ by Flipkart,272JF2MQDS
274,MarQ by Flipkart 338 L Frost Free Double Door 2 Star Refrigerator (340JF2MQDS),MarQ by Flipkart,340JF2MQDS
275,MarQ by Flipkart 308 L Frost Free Double Door 3 Star Refrigerator (310JF3MQDS),MarQ by Flipkart,310JF3MQDS
276,MarQ by Flipkart 195 L Direct Cool Single Door 2 Star Refrigerator (MDCR195PG),MarQ by Flipkart,MDCR195PG
277,MarQ by Flipkart 180 L Direct Cool Single Door 3 Star Refrigerator (180BD3MQR),MarQ by Flipkart,180BD3MQR
278,MarQ by Flipkart 472 L Frost Free Side by Side 2 Star Refrigerator (472GFDMQS),MarQ by Flipkart,472GFDMQS
279,MarQ by Flipkart 563 L Frost Free Side by Side Refrigerator (563GSMQS),MarQ by Flipkart,563GSMQS
280,MarQ by Flipkart 180 L Direct Cool Single Door 3 Star Refrigerator (MDCR180PG),MarQ by Flipkart,MDCR180PG
281,MarQ by Flipkart 566 L Frost Free Side by Side Refrigerator (560GHSBMQ),MarQ by Flipkart,560GHSBMQ
282,MarQ by Flipkart 93 L Direct Cool Single Door 2 Star Refrigerator (93HSDMQ),MarQ by Flipkart,93HSDMQ
283,MarQ by Flipkart 90 L Direct Cool Single Door 1 Star Refrigerator (100BD1MQG),MarQ by Flipkart,100BD1MQG
284,MarQ by Flipkart 252 L Frost Free Double Door 3 Star Refrigerator (252CFDS3MQ),MarQ by Flipkart,252CFDS3MQ
285,MarQ by Flipkart 170 L Direct Cool Single Door 2 Star Refrigerator (170BD2MQB1),MarQ by Flipkart,170BD2MQB1
286,MarQ by Flipkart 170 L Direct Cool Single Door 2 Star Refrigerator (170BD2MQR),MarQ by Flipkart,170BD2MQR
287,MarQ by Flipkart 215 L Direct Cool Single Door 5 Star Refrigerator (215DD5SMQBS-HDA),MarQ by Flipkart,215DD5SMQBS-HDA
288,MarQ by Flipkart 245 L Direct Cool Single Door 5 Star Refrigerator (245DD5SMQBP-HDA),MarQ by Flipkart,245DD5SMQBP-HDA
289,MarQ by Flipkart 196 L Direct Cool Single Door 4 Star Refrigerator (196BD4MQR2),MarQ by Flipkart,196BD4MQR2
290,MarQ by Flipkart 468 L Frost Free Side by Side Refrigerator (468ASMQS),MarQ by Flipkart,468ASMQS
291,MarQ by Flipkart 90 L Direct Cool Single Door 1 Star Refrigerator (100BD1MQG1),MarQ by Flipkart,100BD1MQG1
292,MarQ by Flipkart 190 L Direct Cool Single Door 3 Star Refrigerator (190BD3MQW),MarQ by Flipkart,190BD3MQW
293,MarQ by Flipkart 271 L Frost Free Double Door 2 Star Refrigerator (272JF2MQDS),MarQ by Flipkart,272JF2MQDS
294,MarQ by Flipkart 338 L Frost Free Double Door 2 Star Refrigerator (340JF2MQDS),MarQ by Flipkart,340JF2MQDS
295,MarQ by Flipkart 308 L Frost Free Double Door 3 Star Refrigerator (310JF3MQDS),MarQ by Flipkart,310JF3MQDS
296,MarQ by Flipkart 195 L Direct Cool Single Door 2 Star Refrigerator (MDCR195PG),MarQ by Flipkart,MDCR195PG
297,MarQ by Flipkart 180 L Direct Cool Single Door 3 Star Refrigerator (180BD3MQR),MarQ by Flipkart,180BD3MQR
298,MarQ by Flipkart 472 L Frost Free Side by Side 2 Star Refrigerator (472GFDMQS),MarQ by Flipkart,472GFDMQS
299,MarQ by Flipkart 563 L Frost Free Side by Side Refrigerator (563GSMQS),MarQ by Flipkart,563GSMQS
300,MarQ by Flipkart 180 L Direct Cool Single Door 3 Star Refrigerator (MDCR180PG),MarQ by Flipkart,MDCR180PG
301,MarQ by Flipkart 566 L Frost Free Side by Side Refrigerator (560GHSBMQ),MarQ by Flipkart,560GHSBMQ
302,MarQ by Flipkart 93 L Direct Cool Single Door 2 Star Refrigerator (93HSDMQ),MarQ by Flipkart,93HSDMQ
303,MarQ by Flipkart 90 L Direct Cool Single Door 1 Star Refrigerator (100BD1MQG),MarQ by Flipkart,100BD1MQG
304,MarQ by Flipkart 252 L Frost Free Double Door 3 Star Refrigerator (252CFDS3MQ),MarQ by Flipkart,252CFDS3MQ
305,MarQ by Flipkart 170 L Direct Cool Single Door 2 Star Refrigerator (170BD2MQB1),MarQ by Flipkart,170BD2MQB1
306,MarQ by Flipkart 170 L Direct Cool Single Door 2 Star Refrigerator (170BD2MQR),MarQ by Flipkart,170BD2MQR
307,MarQ by Flipkart 215 L Direct Cool Single Door 5 Star Refrigerator (215DD5SMQBS-HDA),MarQ by Flipkart,215DD5SMQBS-HDA
308,MarQ by Flipkart 245 L Direct Cool Single Door 5 Star Refrigerator (245DD5SMQBP-HDA),MarQ by Flipkart,245DD5SMQBP-HDA
309,MarQ by Flipkart 196 L Direct Cool Single Door 4 Star Refrigerator (196BD4MQR2),MarQ by Flipkart,196BD4MQR2
310,Midea 482 L Frost Free Side by Side Refrigerator (MDRS619FGG28IND),Midea,MDRS619FGG28IND
311,Midea 45 L Direct Cool Single Door 2 Star Refrigerator (MDRD86FGE31),Midea,MDRD86FGE31
312,Midea 95 L Direct Cool Single Door 1 Star Refrigerator (MDRD142FGF03),Midea,MDRD142FGF03
313,Mitashi 345 L Frost Free Double Door Bottom Mount 2 Star Refrigerator (MiRFBMF2S345v20),Mitashi,MiRFBMF2S345v20
314,Mitashi 510 L Frost Free Side by Side Inverter Technology Refrigerator (MiRFSBS1S510v20),Mitashi,MiRFSBS1S510v20
315,Mitashi 52 L Direct Cool Single Door 2 Star Refrigerator (MiRFSDM2S052v120),Mitashi,MiRFSDM2S052v120
316,Mitashi 100 L Direct Cool Single Door 2 Star Refrigerator (MiRFSDM2S100v120),Mitashi,MiRFSDM2S100v120
317,Mitashi 46 L Direct Cool Single Door 2 Star Refrigerator (MSD050RF100),Mitashi,MSD050RF100
318,Mitashi 240 L Frost Free Double Door 3 Star Refrigerator (MiRFDDG240V15),Mitashi,MiRFDDG240V15
319,Mitashi 145 L Direct Cool Double Door 2 Star Refrigerator (MiRFDDP2S145v20),Mitashi,MiRFDDP2S145v20
320,Mitashi 240 L Direct Cool Double Door 2 Star Refrigerator (MiRFDDP2S240v20),Mitashi,MiRFDDP2S240v20
321,Mitashi 145 L Direct Cool Single Door 3 Star Refrigerator (MiRFDDS145V15),Mitashi,MiRFDDS145V15
322,Mitashi 240 L Direct Cool Double Door 3 Star Refrigerator (MiRFDDM240V25),Mitashi,MiRFDDM240V25
323,Mitashi 87 L Direct Cool Single Door 2 Star Refrigerator (MSD090RF100),Mitashi,MSD090RF100
324,Motorola 592 L Frost Free Side by Side Refrigerator (592HSMTB),Motorola,592HSMTB
325,Motorola 533 L Frost Free Multi-Door Refrigerator (533AFDMTB),Motorola,533AFDMTB
326,Motorola 338 L Frost Free Double Door 3 Star Refrigerator (340JF3MTBG),Motorola,340JF3MTBG
327,Motorola 308 L Frost Free Double Door 3 Star Refrigerator (310JF3MTBG),Motorola,310JF3MTBG
328,Motorola 271 L Frost Free Double Door 3 Star Refrigerator (272JF3MTBG),Motorola,272JF3MTBG
329,Motorola 507 L Frost Free Multi-Door Refrigerator (507AFDMTB),Motorola,507AFDMTB
330,Onida 190 L Direct Cool Single Door 3 Star Refrigerator (RDS1903B),Onida,RDS1903B
331,Onida 190 L Direct Cool Single Door 3 Star Refrigerator (RDS1903R),Onida,RDS1903R
332,Onida 92 L Direct Cool Single Door 1 Star Refrigerator (RDS1001SG),Onida,RDS1001SG
333,Onida 215 L Direct Cool Single Door 2 Star Refrigerator (RDS2152P),Onida,RDS2152P
334,Onida 190 L Direct Cool Single Door 3 Star Refrigerator (RDS1903P),Onida,RDS1903P
335,Onida 190 L Direct Cool Single Door 3 Star Refrigerator (RDS2053B),Onida,RDS2053B
336,Onida 190 L Direct Cool Single Door 3 Star Refrigerator (RDS2053R),Onida,RDS2053R
337,Panasonic 197 L Direct Cool Single Door 2 Star Refrigerator (NR A201BLSN),Panasonic,NR-A201BLSN
338,Panasonic 307 L Frost Free Double Door 3 Star Refrigerator (NRMBG31VSS3),Panasonic,NRMBG31VSS3
339,Panasonic 584 L Frost Free Side by Side Inverter Technology Refrigerator (NRBS60VKX1),Panasonic,NRBS60VKX1
340,Panasonic 307 L Frost Free Double Door 3 Star Refrigerator (NRBG311VPW3),Panasonic,NRBG311VPW3
341,Panasonic 309 L Frost Free Double Door 3 Star Refrigerator (NR TG321CUSN),Panasonic,NR TG321CUSN
342,Panasonic 335 L Frost Free Double Door 2 Star Refrigerator (NRTBG34VSS3),Panasonic,NRTBG34VSS3
343,Panasonic 338 L Frost Free Double Door 3 Star Refrigerator (NR TG351CUSN),Panasonic,NR TG351CUSN
344,Panasonic 268 L Frost Free Double Door 2 Star Refrigerator (NRTBG27VSS3),Panasonic,NRTBG27VSS3
345,Panasonic 450 L Frost Free Double Door 3 Star Refrigerator (NRBX468VVX3),Panasonic,NRBX468VVX3
346,Panasonic 336 L Frost Free Double Door 3 Star Refrigerator (NR-BG343VGG3),Panasonic,NR-BG343VGG3
347,Panasonic 307 L Frost Free Double Door 3 Star Refrigerator (NRBG311PLW3),Panasonic,NRBG311PLW3
348,Panasonic 551 L Frost Free Multi Door Inverter Technology Refrigerator (NRCY550GKXZ),Panasonic,NRCY550GKXZ
349,Panasonic 592 L Frost Free Side by Side Refrigerator (NR BS62GKX1),Panasonic,NR BS62GKX1
350,Panasonic 592 L Frost Free Side by Side Refrigerator (NR BS62MKX1),Panasonic,NR BS62MKX1
351,Panasonic 336 L Frost Free Double Door 3 Star Refrigerator (NRMBG34VSS3),Panasonic,NRMBG34VSS3
352,Panasonic 307 L Frost Free Double Door 3 Star Refrigerator (NR-BG313VGG3),Panasonic,NR-BG313VGG3
353,Panasonic 307 L Frost Free Double Door 3 Star Refrigerator (NRBG311VSS3),Panasonic,NRBG311VSS3
354,Panasonic 305 L Frost Free Double Door 2 Star Refrigerator (NRTBG31VSS3),Panasonic,NRTBG31VSS3
355,Panasonic 296 L Frost Free Double Door 2 Star Refrigerator (NRBL307PSX1),Panasonic,NRBL307PSX1
356,Panasonic 333 L Frost Free Double Door 2 Star Refrigerator (NRBL347VSX1),Panasonic,NRBL347VSX1
357,Panasonic 296 L Frost Free Double Door 2 Star Refrigerator (NRBR307VSX1),Panasonic,NRBR307VSX1
358,Panasonic 296 L Frost Free Double Door 2 Star Refrigerator (NRBR307RKX1),Panasonic,NRBR307RKX1
359,Panasonic 197 L Direct Cool Single Door 2 Star Refrigerator (NR A201BTAN),Panasonic,NR A201BTAN
360,Panasonic 197 L Direct Cool Single Door 2 Star Refrigerator (NR A201BEAN),Panasonic,NR A201BEAN
361,Panasonic 465 L Frost Free Double Door 2 Star Refrigerator (NR BX471CPKN),Panasonic,NR BX471CPKN
362,Panasonic 197 L Direct Cool Single Door 3 Star Refrigerator (NR A201CEMN),Panasonic,NR A201CEMN
363,Panasonic 465 L Frost Free Double Door 2 Star Refrigerator (NR BX471WGMN),Panasonic,NR BX471WGMN
364,Panasonic 280 L Frost Free Double Door 2 Star Refrigerator (NR TH292BUHN),Panasonic,NR TH292BUHN
365,Panasonic 197 L Direct Cool Single Door 2 Star Refrigerator (NR A201BTRN),Panasonic,NR A201BTRN
366,Panasonic 260 L Frost Free Double Door 3 Star Refrigerator (NR TH272CPAN),Panasonic,NR TH272CPAN
367,Realme TechLife 215 L Direct Cool Single Door 2 Star Refrigerator (215BD2RMB1),Realme TechLife,215BD2RMB1
368,Realme TechLife 260 L Frost Free Double Door 3 Star Refrigerator (261JF3RMBG),Realme TechLife,261JF3RMBG
369,Realme TechLife 195 L Direct Cool Single Door 2 Star Refrigerator (195BD2RMB1),Realme TechLife,195BD2RMB1
370,Realme TechLife 338 L Frost Free Double Door 3 Star Refrigerator (340JF3RMBG),Realme TechLife,340JF3RMBG
371,Realme TechLife 308 L Frost Free Double Door 3 Star Refrigerator (310JF3RMBG),Realme TechLife,310JF3RMBG
372,Realme TechLife 280 L Frost Free Double Door 2 Star Refrigerator (281JF2RMBG),Realme TechLife,281JF2RMBG
373,Realme TechLife 280 L Frost Free Double Door 3 Star Refrigerator (281JF3RMBG),Realme TechLife,281JF3RMBG
374,Realme TechLife 308 L Frost Free Double Door 2 Star Refrigerator (310JF2RMBG),Realme TechLife,310JF2RMBG
375,Realme TechLife 564 L Frost Free Side by Side Refrigerator (564ASRM),Realme TechLife,564ASRM
376,Samsung 198 L Direct Cool Single Door 4 Star Refrigerator (RR21T2H2XCR),Samsung,RR21T2H2XCR
377,Samsung 212 L Direct Cool Single Door 3 Star Refrigerator (RR22M272ZS8),Samsung,RR22M272ZS8
378,Samsung 275 L Frost Free Double Door 3 Star Refrigerator (RT30T3743S9),Samsung,RT30T3743S9
379,Samsung 253 L Frost Free Double Door 3 Star Refrigerator (RT28T3743S8),Samsung,RT28T3743S8
380,Samsung 415 L Frost Free Double Door 4 Star Refrigerator (RT42M553ES8),Samsung,RT42M553ES8
381,Samsung 324 L Frost Free Double Door 3 Star Refrigerator (RT34M5538S8),Samsung,RT34M5538S8
382,Samsung 230 L Direct Cool Single Door 3 Star Refrigerator (RR24B282YGS),Samsung,RR24B282YGS
383,Samsung 275 L Frost Free Double Door 3 Star Refrigerator (RT30T3443S9),Samsung,RT30T3443S9
384,Samsung 198 L Direct Cool Single Door 5 Star Refrigerator (RR21A2H2WTU/HL),Samsung,RR21A2H2WTU/HL
385,Samsung 198 L Direct Cool Single Door 5 Star Refrigerator (RR21T2H2W9R),Samsung,RR21T2H2W9R
386,Samsung 478 L Frost Free Double Door 3 Star Refrigerator (RT49K6338BS),Samsung,RT49K6338BS
387,Samsung 198 L Direct Cool Single Door 4 Star Refrigerator (RR21A2F2XNV/HL),Samsung,RR21A2F2XNV/HL
388,Samsung 192 L Direct Cool Single Door 3 Star Refrigerator (RR20R1Y2YS8),Samsung,RR20R1Y2YS8
389,Samsung 192 L Direct Cool Single Door 3 Star Refrigerator (RR20A182YCR),Samsung,RR20A182YCR
390,Samsung 195 L Direct Cool Single Door 1 Star Refrigerator (RR19A20CAGS/NL),Samsung,RR19A20CAGS/NL
391,Samsung 692 L Frost Free Side by Side Refrigerator (RS72A50K1SL/TL),Samsung,RS72A50K1SL/TL
392,Samsung 478 L Frost Free Double Door 3 Star Refrigerator (RT49R633ESL/TL),Samsung,RT49R633ESL/TL
393,Samsung 192 L Direct Cool Single Door 3 Star Refrigerator (RR20A272YCU/NL),Samsung,RR20A272YCU/NL
394,Samsung 324 L Frost Free Double Door 3 Star Refrigerator (RT34B4513QB/HL),Samsung,RT34B4513QB/HL
395,Samsung 192 L Direct Cool Single Door 2 Star Refrigerator (RR20A181BR8),Samsung,RR20A181BR8
396,Samsung 551 L Frost Free Double Door Top Mount 2 Star Refrigerator (RT56B6378SL),Samsung,RT56B6378SL
397,Samsung 253 L Frost Free Double Door 2 Star Refrigerator (RT28B3122CR),Samsung,RT28B3122CR
398,Samsung 810 L Frost Free Side by Side Inverter Technology Refrigerator (RF28N9780SG),Samsung,RF28N9780SG
399,Samsung 336 L Frost Free Double Door 3 Star Refrigerator (RT37A4633SL/HL),Samsung,RT37A4633SL/HL
400,Samsung 579 L Frost Free French Door Bottom Mount Refrigerator (RF57A5232SL),Samsung,RF57A5232SL
401,Samsung 551 L Frost Free Double Door 3 Star Refrigerator (RT56K6378SL),Samsung,RT56K6378SL
402,Samsung 415 L Frost Free Double Door 3 Star Refrigerator (RT42M5538S8),Samsung,RT42M5538S8
403,Samsung 465 L Frost Free Double Door 3 Star Refrigerator (RT47K6238UT),Samsung,RT47K6238UT
404,Samsung 192 L Direct Cool Single Door 3 Star Refrigerator (RR20A182YCU),Samsung,RR20A182YCU
405,Samsung 580 L Frost Free French Door Bottom Mount Refrigerator (RF57A5032B1/TL),Samsung,RF57A5032B1/TL
406,Siemens 509 L Frost Free Double Door 4 Star Refrigerator (KG57NAI50I),Siemens,KG57NAI50I
407,Siemens 375 L Frost Free Double Door 4 Star Refrigerator (KD46NAI50I),Siemens,KD46NAI50I
408,Siemens 306 L Direct Cool Single Door 5 Star Refrigerator (FI24DP02),Siemens,FI24DP02
409,Siemens 287 L Direct Cool Single Door 4 Star Refrigerator (KI82LAF30),Siemens,KI82LAF30
410,Siemens 636 L Frost Free Side by Side 5 Star Refrigerator (KA92DSB30),Siemens,KA92DSB30
411,Siemens 559 L Frost Free Side by Side 5 Star Refrigerator (KA62DV71),Siemens,KA62DV71
412,Siemens 369 L Direct Cool Single Door 5 Star Refrigerator (CI24RP01),Siemens,CI24RP01
413,Siemens 306 L Direct Cool Single Door 5 Star Refrigerator (FI24DP32),Siemens,FI24DP32
414,Siemens 112 L Direct Cool Single Door 4 Star Refrigerator (KI18LV52),Siemens,KI18LV52
415,Siemens 454 L Frost Free Double Door 2 Star Refrigerator (KD53NXI30I),Siemens,KD53NXI30I
416,Siemens 505 L Frost Free Double Door 4 Star Refrigerator (KG57NAI40I),Siemens,KG57NAI40I
417,Siemens 149 L Direct Cool Single Door 4 Star Refrigerator (KF18WA40IE),Siemens,KF18WA40IE
418,Siemens 324 L Direct Cool Single Door 4 Star Refrigerator (FI24NP31),Siemens,FI24NP31
419,Siemens 151 L Direct Cool Single Door 4 Star Refrigerator (KI18RV52),Siemens,KI18RV52
420,Siemens 618 L Frost Free Side by Side 4 Star Refrigerator (KA56NV40NE),Siemens,KA56NV40NE
421,Siemens 479 L Direct Cool Single Door 4 Star Refrigerator (CI30RP01),Siemens,CI30RP01
422,Siemens 390 L Direct Cool Single Door 3 Star Refrigerator (CI24WP02),Siemens,CI24WP02
423,Siemens 401 L Frost Free Double Door 2 Star Refrigerator (KD46NXI30I),Siemens,KD46NXI30I
424,Siemens 507 L Frost Free Double Door 2 Star Refrigerator (KD56NXI30I),Siemens,KD56NXI30I
425,Siemens 592 L Frost Free Side by Side 5 Star Refrigerator (KA92NLB35),Siemens,KA92NLB35
426,Siemens 276 L Direct Cool Double Door 5 Star Refrigerator (KI87SAF30I),Siemens,KI87SAF30I
427,Siemens 380 L Frost Free French Door 4 Star Refrigerator (CI36BP01),Siemens,CI36BP01
428,Videocon 80 L Direct Cool Single Door 1 Star Refrigerator (VC091PSH),Videocon,VC091PSH
429,Videocon 190 L Direct Cool Single Door 3 Star Refrigerator (VAE203),Videocon,VAE203
430,Videocon 170 L Direct Cool Single Door 3 Star Refrigerator (VAE183),Videocon,VAE183
431,Videocon 190 L Direct Cool Single Door 4 Star Refrigerator (VKE205T),Videocon,VKE205T
432,Videocon 190 L Direct Cool Single Door 4 Star Refrigerator (VAE204),Videocon,VAE204
433,Videocon 190 L Direct Cool Single Door 5 Star Refrigerator (VZ205PTPP),Videocon,VZ205PTPP
434,Videocon 150 L Direct Cool Single Door 3 Star Refrigerator (VA163B),Videocon,VA163B
435,Videocon 47 L Direct Cool Single Door 1 Star Refrigerator (VC061PISH-HDW),Videocon,VC061PISH-HDW
436,Videocon 215 L Direct Cool Single Door 4 Star Refrigerator (VCL224T),Videocon,VCL224T
437,Videocon 215 L Direct Cool Single Door 5 Star Refrigerator (VZ225PTPP),Videocon,VZ225PTPP
438,Videocon 215 L Direct Cool Single Door 5 Star Refrigerator (VZ225PTGS),Videocon,VZ225PTGS
439,Videocon 190 L Direct Cool Single Door 5 Star Refrigerator (VZ205PTRP),Videocon,VZ205PTRP
440,Videocon 190 L Direct Cool Single Door 3 Star Refrigerator (VA203E),Videocon,VA203E
441,Videocon 245 L Direct Cool Single Door 5 Star Refrigerator (VZ255PTCPP),Videocon,VZ255PTCPP
442,Videocon 190 L Frost Free Double Door 2 Star Refrigerator (VP202LGR),Videocon,VP202LGR
443,Videocon 215 L Direct Cool Single Door 5 Star Refrigerator (VZ225LTCBR),Videocon,VZ225LTCBR
444,Videocon 618 L Frost Free Side by Side 3 Star Refrigerator (VPP60ZPSFS),Videocon,VPP60ZPSFS
445,Videocon 250 L Frost Free Double Door 3 Star Refrigerator (VZ263MESNHFK),Videocon,VZ263MESNHFK
446,Videocon 280 L Frost Free Double Door 3 Star Refrigerator (VZ293SECSSHKF),Videocon,VZ293SECSSHKF
447,Videocon 215 L Direct Cool Single Door 5 Star Refrigerator (VZ225LTCBS),Videocon,VZ225LTCBS
448,Videocon 280 L Frost Free Double Door 3 Star Refrigerator (VZ293PECVBHKF),Videocon,VZ293PECVBHKF
449,Videocon 215 L Direct Cool Single Door 5 Star Refrigerator (VZ225PTCPP),Videocon,VZ225PTCPP
450,Videocon 280 L Frost Free Double Door 3 Star Refrigerator (VZ293MESN),Videocon,VZ293MESN
451,Videocon 215 L Direct Cool Single Door 5 Star Refrigerator (VZ225LTCBP),Videocon,VZ225LTCBP
452,Videocon 47 L Direct Cool Single Door 2 Star Refrigerator (VC062PSH),Videocon,VC062PSH
453,Videocon 280 L Frost Free Double Door 3 Star Refrigerator (VZ293MESNHFK),Videocon,VZ293MESNHFK
454,Videocon 190 L Direct Cool Single Door 3 Star Refrigerator (VA203P),Videocon,VA203P
455,Videocon 47 L Direct Cool Single Door 5 Star Refrigerator (VCP060PSH),Videocon,VCP060PSH
456,Videocon 190 L Frost Free Double Door 2 Star Refrigerator (VPL202SS),Videocon,VPL202SS
457,Videocon 280 L Frost Free Double Door 2 Star Refrigerator (VAL251E),Videocon,VAL251E
458,Voltas 195 L Direct Cool Single Door 3 Star Refrigerator (RDC215CFBSX/EXTH),Voltas,RDC215CFBSX/EXTH
459,Voltas 250 L Frost Free Double Door 2 Star Refrigerator (RFF2753EREF),Voltas,RFF2753EREF
460,Voltas 271 L Frost Free Double Door 2 Star Refrigerator (RFF2953ERCF),Voltas,RFF2953ERCF
461,Voltas 432 L Frost Free Double Door 2 Star Refrigerator (RFF463IF),Voltas,RFF463IF
462,Voltas 220 L Direct Cool Single Door 3 Star Refrigerator (RDC240CDWEX/XXSG),Voltas,RDC240CDWEX/XXSG
463,Voltas 195 L Direct Cool Single Door 3 Star Refrigerator (RDC215CDBEX/XXSG),Voltas,RDC215CDBEX/XXSG
464,Voltas 640 L Frost Free Side by Side 5 Star Refrigerator (RSB66IF),Voltas,RSB66IF
465,Voltas 185 L Direct Cool Single Door 2 Star Refrigerator (RDC205DXIRX),Voltas,RDC205DXIRX
466,Voltas 250 L Frost Free Double Door 3 Star Refrigerator (RFF273B),Voltas,RFF273B
467,Voltas 360 L Frost Free Double Door 3 Star Refrigerator (RFF383IF),Voltas,RFF383IF
468,Voltas 230 L Frost Free Double Door 3 Star Refrigerator (RFF253I),Voltas,RFF253I
469,Voltas 230 L Frost Free Double Door 2 Star Refrigerator (RFF2552XIR),Voltas,RFF2552XIR
470,Voltas 251 L Frost Free Double Door 2 Star Refrigerator (RFF2753ERE),Voltas,RFF2753ERE
471,Voltas 270 L Frost Free Double Door 2 Star Refrigerator (RFF293I),Voltas,RFF293I
472,Voltas 340 L Frost Free Double Door 2 Star Refrigerator (RFF363I),Voltas,RFF363I
473,Voltas 250 L Frost Free Double Door 2 Star Refrigerator (RFF273I),Voltas,RFF273I
474,Voltas 230 L Frost Free Double Door 2 Star Refrigerator (RFF253B),Voltas,RFF253B
475,Voltas 250 L Frost Free Double Door 2 Star Refrigerator (RFF273IF),Voltas,RFF273IF
476,Voltas 251 L Frost Free Double Door 2 Star Refrigerator (RFF2753EBCF),Voltas,RFF2753EBCF
477,Voltas 231 L Frost Free Double Door 2 Star Refrigerator (RFF2553EBCF),Voltas,RFF2553EBCF
478,Voltas 195 L Direct Cool Single Door 3 Star Refrigerator (RDC215CVWEX),Voltas,RDC215CVWEX
479,Voltas 270 L Frost Free Double Door 3 Star Refrigerator (RFF293B),Voltas,RFF293B
480,Voltas 185 L Direct Cool Single Door 1 Star Refrigerator (RDC205EKPRX),Voltas,RDC205EKPRX
481,Voltas 195 L Direct Cool Single Door 2 Star Refrigerator (RDC215DBBEX/XXXG),Voltas,RDC215DBBEX/XXXG
482,Voltas 405 L Frost Free Double Door Refrigerator (CHEST FREEZER),Voltas,CHEST FREEZER
483,Voltas 500 L Frost Free Double Door Refrigerator (CHEST FREEZER),Voltas,CHEST FREEZER
484,Voltas 600 L Direct Cool Single Door Refrigerator (CHEST FREEZER),Voltas,CHEST FREEZER
485,Voltas 405 L Direct Cool Single Door Refrigerator (CHEST FREEZER),Voltas,CHEST FREEZER
486,Voltas 320 L Direct Cool Single Door Refrigerator (CHEST FREEZER),Voltas,CHEST FREEZER
487,Voltas 90 L Direct Cool Single Door Refrigerator (CHEST FREEZER),Voltas,CHEST FREEZER
488,Voltas Beko 185 L Direct Cool Single Door 2 Star Refrigerator (RDC205DKPRX),Voltas Beko,RDC205DKPRX
489,Voltas Beko 185 L Direct Cool Single Door 2 Star Refrigerator (RDC205DSWRX),Voltas Beko,RDC205DSWRX
490,Voltas Beko 640 L Frost Free Side by Side Refrigerator (RSB665XPRF),Voltas Beko,RSB665XPRF
491,Voltas Beko 220 L Direct Cool Single Door 3 Star Refrigerator (RDC240CVWEX/XXSG),Voltas Beko,RDC240CVWEX/XXSG
492,Voltas Beko 195 L Direct Cool Single Door 4 Star Refrigerator (RDC215BFPEXB),Voltas Beko,RDC215BFPEXB
493,Voltas Beko 200 L Direct Cool Single Door 3 Star Refrigerator (RDC220C54/DBEXXXXXG),Voltas Beko,RDC220C54/DBEXXXXXG
494,Voltas Beko 200 L Direct Cool Single Door 3 Star Refrigerator (RDC220C60),Voltas Beko,RDC220C60
495,Voltas Beko 245 L Direct Cool Single Door 3 Star Refrigerator (RDC265C60),Voltas Beko,RDC265C60
496,Voltas Beko 220 L Direct Cool Single Door 4 Star Refrigerator (RDC240BDBEXB),Voltas Beko,RDC240BDBEXB
497,Voltas Beko 225 L Direct Cool Single Door 3 Star Refrigerator (RDC245C60/VWEXXXXSG),Voltas Beko,RDC245C60/VWEXXXXSG
498,Voltas Beko 563 L Frost Free Side by Side 2 Star Refrigerator (RSB585XPE),Voltas Beko,RSB585XPE
499,Voltas Beko 340 L Frost Free Double Door Bottom Mount 2 Star Refrigerator (RBM363IF),Voltas Beko,RBM363IF
500,Voltas Beko 225 L Direct Cool Single Door 3 Star Refrigerator (RDC245C60/DBEXXXXSG),Voltas Beko,RDC245C60/DBEXXXXSG
501,Voltas Beko 225 L Direct Cool Single Door 3 Star Refrigerator (RDC245C60),Voltas Beko,RDC245C60
502,Voltas Beko 340 L Frost Free Double Door Bottom Mount 2 Star Refrigerator (RBM365DXBCF),Voltas Beko,RBM365DXBCF
503,Voltas Beko 195 L Direct Cool Single Door 4 Star Refrigerator (RDC215BFBEXB),Voltas Beko,RDC215BFBEXB
504,Voltas Beko 195 L Direct Cool Single Door 2 Star Refrigerator (RDC215DXIRX),Voltas Beko,RDC215DXIRX
505,Whirlpool 190 L Direct Cool Single Door 3 Star Refrigerator (WDE 205 CLS PLUS 3S),Whirlpool,WDE 205 CLS PLUS 3S
506,Whirlpool 265 L Frost Free Double Door 3 Star Refrigerator (NEO DF278 PRM 3S),Whirlpool,NEO DF278 PRM 3S
507,Whirlpool 190 L Direct Cool Single Door 4 Star Refrigerator (WDE 205 PRM 4S),Whirlpool,WDE 205 PRM 4S
508,Whirlpool 265 L Frost Free Double Door 3 Star Refrigerator (INV IF278 CNV 3S),Whirlpool,INV IF278 CNV 3S
509,Whirlpool 190 L Direct Cool Single Door 2 Star Refrigerator (WDE 205 CLS 2S),Whirlpool,WDE 205 CLS 2S
510,Whirlpool 190 L Direct Cool Single Door 2 Star Refrigerator (DC P 205 5S),Whirlpool,DC P 205 5S
511,Whirlpool 260 L Frost Free Triple Door Refrigerator (FP 283D PROTTON ROY),Whirlpool,FP 283D PROTTON ROY
512,Whirlpool 200 L Direct Cool Single Door 4 Star Refrigerator (DC 215 G),Whirlpool,DC 215 G
513,Whirlpool 340 L Frost Free Double Door 3 Star Refrigerator (INV IF355 CNV 3S),Whirlpool,INV IF355 CNV 3S
514,Whirlpool 190 L Direct Cool Single Door 3 Star Refrigerator (WDE 205 ROY 3S),Whirlpool,WDE 205 ROY 3S
515,Whirlpool 330 L Frost Free Triple Door 4 Star Refrigerator (FP 343D PROTTON ROY),Whirlpool,FP 343D PROTTON ROY
516,Whirlpool 300 L Frost Free Triple Door 3 Star Refrigerator (FP 313D PROTTON ROY 3S),Whirlpool,FP 313D PROTTON ROY 3S
517,Whirlpool 240 L Frost Free Triple Door 5 Star Refrigerator (FP 263D PROTTON ROY),Whirlpool,FP 263D PROTTON ROY
518,Whirlpool 265 L Frost Free Double Door 2 Star Refrigerator (NEO FR278 GD PRM 2S),Whirlpool,NEO FR278 GD PRM 2S
519,Whirlpool 265 L Frost Free Double Door 2 Star Refrigerator (IF278 CNV 2S),Whirlpool,IF278 CNV 2S
520,Whirlpool 215 L Direct Cool Single Door 5 Star Refrigerator (INV 230 IM PRO PRM 5S),Whirlpool,INV 230 IM PRO PRM 5S
521,Whirlpool 190 L Direct Cool Single Door 2 Star Refrigerator (WDE 205 ROY 2S),Whirlpool,WDE 205 ROY 2S
522,Whirlpool 200 L Direct Cool Single Door 3 Star Refrigerator (215 IM PRO ROY 3S),Whirlpool,215 IM PRO ROY 3S
523,Whirlpool 292 L Frost Free Double Door 3 Star Refrigerator (IF305 ELT 3S),Whirlpool,IF305 ELT 3S
524,Whirlpool 190 L Direct Cool Single Door 4 Star Refrigerator (WDE 205 ROY 4S),Whirlpool,WDE 205 ROY 4S
525,Whirlpool 245 L Frost Free Double Door 2 Star Refrigerator (NEO DF258 ROY 2S),Whirlpool,NEO DF258 ROY 2S
526,Whirlpool 200 L Direct Cool Single Door 3 Star Refrigerator (215 IM PRO PRM 3S),Whirlpool,215 IM PRO PRM 3S
527,Whirlpool 190 L Direct Cool Single Door 2 Star Refrigerator (WDE 205 CLS PLUS 2S),Whirlpool,WDE 205 CLS PLUS 2S
528,Whirlpool 190 L Direct Cool Single Door 3 Star Refrigerator (205 IM PC PRM 3S),Whirlpool,205 IM PC PRM 3S
529,Whirlpool 215 L Direct Cool Single Door 4 Star Refrigerator (230 IMPRO ROY 4S INV),Whirlpool,230 IMPRO ROY 4S INV
530,Whirlpool 325 L Frost Free Double Door 2 Star Refrigerator (INV IF340 BM PRO ELT PLUS 2S),Whirlpool,INV IF340 BM PRO ELT PLUS 2S
531,Whirlpool 200 L Direct Cool Single Door 3 Star Refrigerator (215 IMPC PRM 3S),Whirlpool,215 IMPC PRM 3S
532,Whirlpool 200 L Direct Cool Single Door 3 Star Refrigerator (215 IM PC ROY 3S),Whirlpool,215 IM PC ROY 3S
533,Whirlpool 245 L Frost Free Double Door 2 Star Refrigerator (FF2D 258 C),Whirlpool,FF2D 258 C
534,Whirlpool 292 L Frost Free Double Door 2 Star Refrigerator (NEO FR305 GD PRM 2S),Whirlpool,NEO FR305 GD PRM 2S
