Product_ID,Brand and Model
1,Leica Q3
2,Fujifilm X-S20
3,EOS R100
4,Sony ZV-1 Mark II
5,Canon PowerShot V10
6,Nikon Z8
7,Leica M11 Monochrom
8,Pentax K-3 Mark III Monochrome
9,Sony ZV-E1
10,Canon EOS R8
11,Canon EOS R50
12,Panasonic Lumix DC-S5II
13,Panasonic Lumix DC-S5IIX
14,Pentax KF
15,Fujifilm X-T5
16,Canon EOS R6 Mark II
17,Sony a7R V
18,OM System OM-5
19,Sony ZV-1F
20,Sony FX30
21,Fujifilm X-H2
22,Hasselblad X2D 100c
23,Nikon Z30
24,Fujifilm X-H2S
25,Canon EOS R7
26,Canon EOS R10
27,Panasonic Lumix DC-GH6
28,OM System OM-1
29,Canon EOS R5 C
30,Leica M11
31,Nikon Z9
32,Sony a7 IV
33,Panasonic Lumix DC-BS1H
34,Ricoh GR IIIx
35,Fujifilm GFX 50S II
36,Fujifilm X-T30 II
37,Sony ZV-E10
38,Nikon Z fc
39,Olympus PEN E-P7
40,Panasonic Lumix DC-GH5 II (Lumix DC-GH5M2)
41,Canon EOS R3
42,Sony a7R IVA
43,Sony a7R IIIA
44,Pentax K-3 Mark III
45,Sigma fp L
46,Fujifilm GFX 100S
47,Fujifilm X-E4
48,Sony a1
49,Leica SL2-S
50,Olympus OM-D E-M10 IIIs
51,Leica Q2 Monochrom
52,DJI RS 2
53,DJI Pocket 2
54,Fujifilm X-S10
55,Nikon Z6 II
56,Nikon Z7 II
57,Canon EOS M50 Mark II (EOS Kiss M2)
58,Canon PowerShot Zoom
59,Panasonic Lumix DC-BGH1
60,GoPro Hero9 Black
61,Sony a7C
62,Panasonic Lumix DC-S5
63,Olympus OM-D E-M10 IV
64,Sony a7S III
65,Nikon Z5
66,Leica M10-R
67,Canon EOS R5
68,Canon EOS R6
69,Panasonic Lumix DC-G100 (Lumix DC-G110)
70,Sony ZV-1
71,Fujifilm X-T4
72,Olympus OM-D E-M1 Mark III
73,Canon EOS Rebel T8i (EOS 850D / EOS Kiss X10i)
74,Ricoh WG-70
75,Fujifilm X100V
76,Fujifilm X-T200
77,Leica M10 Monochrom
78,Nikon D780
79,Nikon Coolpix P950
80,Canon EOS-1D X Mark III
81,Leica SL2
82,Fujifilm X-Pro3
83,Olympus OM-D E-M5 III
84,Olympus PEN E-PL10
85,Nikon Z50
86,Sony a9 II
87,GoPro Max
88,GoPro Hero8 Black
89,Canon EOS M200
90,Fujifilm X-A7
91,Nikon D6
92,Sony a6100
93,Sony a6600
94,Canon EOS 90D
95,Canon EOS M6 Mark II
96,Sony Cyber-shot DSC-RX100 VII
97,Sony a7R IV
98,Sigma fp
99,Leica V-Lux 5
100,Canon PowerShot G7 X Mark III
101,Canon PowerShot G5 X Mark II
102,Leica M-E (Typ 240)
103,Hasselblad X1D II 50C
104,Panasonic Lumix DC-S1H
105,Fujifilm GFX 100
106,Olympus Tough TG-6
107,Nikon Coolpix W150
108,Canon EOS Rebel SL3 (EOS 250D / EOS Kiss X10)
109,Panasonic Lumix DC-G95
110,Panasonic Lumix DC-G90 (Lumix DC-G91)
111,Sony DSC-RX0 II
112,Leica Q2
113,Ricoh WG-6
114,Ricoh G900
115,Panasonic Lumix DC-FZ1000 II
116,Panasonic Lumix DC-ZS80 (Lumix DC-TZ95)
117,Fujifilm FinePix XP140
118,Fujifilm X-T30
119,Canon EOS RP
120,Panasonic Lumix DC-S1
121,Panasonic Lumix DC-S1R
122,Olympus OM-D E-M1X
123,Nikon Coolpix B600
124,Nikon Coolpix A1000
125,Sony a6400
126,Leica D-Lux 7
127,Leica Q-P
128,Canon EOS Ra
129,Ricoh WG-60
130,Leica M10-D
131,Zeiss ZX1
132,Fujifilm GFX 50R
133,Ricoh GR III
134,GoPro Hero7 Black
135,GoPro Hero7 Silver
136,GoPro Hero7 White
137,Canon PowerShot SX70 HS
138,Fujifilm X-T3
139,Canon EOS R
140,Sony Cyber-shot DSC-HX99
141,Sony Cyber-shot DSC-HX95
142,Nikon D3500
143,Nikon Z7
144,Nikon Z6
145,Panasonic Lumix DC-LX100 II
146,Leica M10-P
147,Canon PowerShot SX740 HS
148,Fujifilm XF10
149,Sony Cyber-shot DSC-RX100 VA
150,Nikon Coolpix P1000
151,Leica C-Lux
152,Sony Cyber-shot DSC-RX100 VI
153,Fujifilm X-T100
154,Panasonic Lumix DC-TS7 (Lumix DC-FT7)
155,Sony a7 III
156,Canon EOS M50 (EOS Kiss M)
157,Canon EOS Rebel T7 (EOS 2000D)
158,Canon EOS 4000D
159,Pentax K-1 Mark II
160,Fujifilm X-H1
161,Panasonic Lumix DC-GX9
162,Panasonic Lumix DC-ZS200 (Lumix DC-TZ200)
163,Olympus PEN E-PL9
164,Panasonic Lumix DC-GF10 (GF90)
165,Fujifilm X-A5
166,Fujifilm FinePix XP130
167,Panasonic Lumix DC-GH5S
168,Leica CL
169,Panasonic Lumix DC-G9
170,Rylo Camera
171,Xiaomi Mi Sphere 3.5K
172,Sony a7R III
173,Canon PowerShot G1 X Mark III
174,GoPro Hero6 Black
175,Sony Cyber-shot DSC-RX10 IV
176,Fujifilm X-E3
177,Ricoh Theta V
178,Olympus OM-D E-M10 III
179,Sony DSC-RX0
180,Canon EOS M100
181,Nikon D850
182,Leica TL2
183,Canon EOS 6D Mark II
184,Canon EOS Rebel SL2 (EOS 200D / Kiss X9)
185,Nikon Coolpix W300
186,Ricoh WG-50
187,Olympus Tough TG-5
188,GoPro Fusion
189,Sony a9
190,Panasonic Lumix DC-ZS70 (Lumix DC-TZ90)
191,Nikon D7500
192,Canon PowerShot SX730 HS
193,Canon EOS 77D / EOS 9000D
194,Canon EOS M6
195,Canon EOS Rebel T7i / EOS 800D / Kiss X9i
196,YI 4K Action Camera
197,Pentax KP
198,Fujifilm X100F
199,Fujifilm X-T20
200,Leica M10
201,YI 4K+ Action Camera
202,Fujifilm FinePix XP120
203,Panasonic Lumix DC-GX850 (Lumix DC-GX800 / Lumix DC-GF9)
204,Panasonic Lumix DC-FZ80 (Lumix DC-FZ82)
205,Panasonic Lumix DC-GH5
206,Canon PowerShot G9 X Mark II
207,Sony Cyber-shot DSC-HX350
208,Fujifilm X-A10
209,SeaLife DC2000
210,Nikon D5600
211,Leica TL
212,Sony a6500
213,Sony Cyber-shot DSC-RX100 V
214,Olympus OM-D E-M1 Mark II
215,Olympus PEN E-PL8
216,Fujifilm GFX 50S
217,YI M1
218,Sony a99 II
219,Panasonic Lumix DMC-LX10 (Lumix DMC-LX15)
220,Panasonic Lumix DMC-G85 (Lumix DMC-G80)
221,Panasonic Lumix DMC-FZ2500 (Lumix DMC-FZ2000)
222,GoPro Hero5 Black
223,Canon EOS M5
224,Sony FDR-X3000
225,Sony HDR-AS300
226,Casio Exilim EX-ZR5000
227,DxO One (2016)
228,Fujifilm X-A3
229,Canon EOS 5D Mark IV
230,Nikon D3400
231,Nikon Coolpix W100
232,Fujifilm X-T2
233,Hasselblad X1D
234,Pentax K-70
235,Canon PowerShot SX620 HS
236,Nikon Coolpix A300
237,Panasonic Lumix DMC-GX85 (Lumix DMC-GX80 / Lumix DMC-GX7 Mark II)
238,Sony Cyber-shot DSC-RX10 III
239,Canon EOS Rebel T6 (EOS 1300D)
240,Sony Cyber-shot DSC-HX80
241,Sigma sd Quattro
242,Sigma sd Quattro H
243,Nikon Coolpix A900
244,Nikon Coolpix B500
245,Nikon Coolpix B700
246,Canon EOS 80D
247,Canon PowerShot G7 X Mark II
248,Canon PowerShot SX720 HS
249,Pentax K-1
250,Panasonic Lumix DMC-GF8
251,Olympus Stylus SH-3
252,Sony a6300
253,Canon EOS-1D X Mark II
254,Olympus PEN-F
255,Leica X-U (Typ 113)
256,Fujifilm X70
257,Fujifilm X-Pro2
258,Fujifilm X-E2S
259,Fujifilm XP90
260,Nikon Coolpix A10
261,Nikon Coolpix A100
262,Olympus Stylus Tough TG-870
263,Nikon D500
264,Nikon D5
265,Panasonic Lumix DMC-ZS100 (Lumix DMC-TZ100)
266,Panasonic Lumix DMC-ZS60 (Lumix DMC-TZ80)
267,Canon PowerShot ELPH 360 HS
268,Canon PowerShot ELPH 190 IS
269,Canon PowerShot ELPH 180
270,Canon PowerShot SX540 HS
271,Canon PowerShot SX420 IS
272,Leica M (Typ 262)
273,Sony SLT-A68
274,Leica SL (Typ 601)
275,Sony Cyber-shot DSC-RX1R II
276,Canon PowerShot G5 X
277,Canon PowerShot G9 X
278,Canon EOS M10
279,Sony a7S II
280,Ricoh Theta S
281,Olympus OM-D E-M10 II
282,Fujifilm X-T1 IR
283,Panasonic Lumix DMC-GX8
284,Panasonic Lumix DMC-FZ300
285,Olympus Air A01
286,DxO One
287,Canon PowerShot G3 X
288,Ricoh GR II
289,Sony a7R II
290,Sony Cyber-shot DSC-RX100 IV
291,Sony Cyber-shot DSC-RX10 II
292,Leica Q (Typ 116)
293,Panasonic Lumix DMC-G7
294,Fujifilm X-T10
295,Leica M Monochrom (Typ 246)
296,Pentax K-3 II
297,Sony Cyber-shot DSC-HX90V
298,Sony Cyber-shot DSC-WX500
299,Olympus Tough TG-4
300,Olympus Stylus 1s
301,Canon XC10
302,Nikon 1 J5
303,Olympus Stylus SH-2
304,Nikon D7200
305,Nikon Coolpix P900
306,Nikon Coolpix AW130
307,Nikon Coolpix S33
308,Nikon Coolpix P610
309,Nikon Coolpix L840
310,Nikon Coolpix S9900
311,Nikon D810A
312,Nikon Coolpix S7000
313,Nikon Coolpix S6900
314,Sigma dp0 Quattro
315,Pentax K-S2
316,Ricoh WG-5 GPS
317,Canon EOS 5DS
318,Canon EOS 5DS R
319,Canon EOS Rebel T6s (EOS 760D / EOS 8000D)
320,Canon EOS Rebel T6i (EOS 750D / Kiss X8i)
321,Canon PowerShot SX410 IS
322,Canon PowerShot ELPH 350 HS (IXUS 275 HS)
323,Canon EOS M3
324,Samsung NX500
325,Olympus OM-D E-M5 II
326,Olympus Stylus Tough TG-860
327,Panasonic Lumix DMC-GF7
328,Fujifilm X-A2
329,Fujifilm XQ2
330,Fujifilm XP80
331,Fujifilm FinePix S9800
332,Fujifilm FinePix S9900W
333,Nikon Coolpix L31
334,Nikon Coolpix L32
335,Nikon Coolpix S3700
336,Nikon Coolpix S2900
337,Nikon D5500
338,Panasonic Lumix DMC-TS6 (Lumix DMC-FT6)
339,Panasonic Lumix DMC-TS30 (Lumix DMC-FT30)
340,Panasonic Lumix DMC-SZ10
341,Panasonic Lumix DMC-ZS45 (Lumix DMC-TZ57)
342,Panasonic Lumix DMC-ZS50 (Lumix DMC-TZ70)
343,Canon PowerShot SX530 HS
344,Canon PowerShot SX710 HS
345,Canon PowerShot SX610 HS
346,Canon PowerShot ELPH 170 IS (IXUS 170)
347,Canon PowerShot ELPH 160 (IXUS 160)
348,Canon IXUS 165
349,Sony a7 II
350,Ricoh WG-30
351,Ricoh WG-30W
352,Casio Exilim EX-TR50
353,Leica X (Typ 113)
354,Leica M Edition 60
355,Canon PowerShot SX60 HS
356,Leica D-Lux (Typ 109)
357,Panasonic Lumix DMC-LX100
358,Panasonic Lumix DMC-GM5
359,Canon EOS 7D Mark II
360,Canon PowerShot G7 X
361,Samsung NX1
362,Leica V-Lux (Typ 114)
363,Nikon D750
364,Ricoh WG-M1
365,Fujifilm X100T
366,Sony Cyber-shot DSC-QX30
367,Sony Alpha QX1
368,Olympus PEN E-PL7
369,Pentax K-S1
370,Fujifilm X30
371,Leica M-P (Typ 240)
372,Sony a5100
373,Pentax Q-S1
374,Canon PowerShot SX520 HS
375,Canon PowerShot SX400 IS
376,Pentax XG-1
377,Nikon D810
378,Panasonic Lumix DMC-FZ1000
379,Sony Cyber-shot DSC-RX100 III
380,Nikon 1 S2
381,Samsung NX3000
382,Sony SLT-A77 II
383,Samsung Galaxy K Zoom
384,Leica T (Typ 701)
385,Lytro Illum 40 Megaray Light Field Camera
386,Pentax 645Z
387,Nikon Coolpix S810c
388,Nikon 1 J4
389,Sony a7S
390,Olympus Tough TG-3
391,Olympus Stylus SH-1
392,Samsung NX mini
393,Nikon 1 V3
394,Nikon D4S
395,Sony Cyber-shot DSC-W800
396,Sony Cyber-shot DSC-WX350
397,Sigma dp2 Quattro
398,Sony Cyber-shot DSC-H400
399,Sony Cyber-shot DSC-H300
400,Sony Cyber-shot DSC-WX220
401,Sony a6000
402,Canon PowerShot G1 X Mark II
403,Sony Cyber-shot DSC-HX400V
404,Canon EOS 1200D (EOS Rebel T5 / EOS Kiss X70)
405,Canon PowerShot SX700 HS
406,Canon PowerShot D30
407,Canon PowerShot ELPH 150 IS (IXUS 155)
408,Canon PowerShot ELPH 140 IS (IXUS 150)
409,Canon PowerShot ELPH 135 (IXUS 145)
410,Canon PowerShot S200
411,Sigma dp1 Quattro
412,Sigma dp3 Quattro
413,Nikon Coolpix AW120
414,Nikon Coolpix S32
415,Panasonic Lumix DMC-GH4
416,Nikon Coolpix P530
417,Nikon Coolpix P600
418,Nikon Coolpix P340
419,Nikon Coolpix S9700
420,Casio Exilim EX-100
421,Ricoh WG-4
422,Ricoh WG-4 GPS
423,Ricoh WG-20
424,Olympus Stylus SP-100
425,Olympus OM-D E-M10
426,Olympus Stylus Tough TG-850 iHS
427,Fujifilm X-T1
428,Samsung WB350F
429,Samsung WB2200F
430,Samsung WB1100F
431,Samsung WB50F
432,Samsung WB35F
433,Nikon Coolpix S6800
434,Nikon Coolpix S5300
435,Nikon Coolpix S3600
436,Nikon D3300
437,Nikon Coolpix L830
438,Sony Cyber-shot DSC-W810
439,Sony Alpha a5000 (ILCE 5000)
440,Sony Cyber-shot DSC-W830
441,Kodak Pixpro Astro Zoom AZ651
442,Panasonic Lumix DMC-ZS35 (Lumix DMC-TZ55)
443,Panasonic Lumix DMC-ZS40 (Lumix DMC-TZ60)
444,Panasonic Lumix DMC-SZ8
445,Panasonic Lumix DMC-LZ40
446,Canon PowerShot ELPH 340 HS (IXUS 265 HS)
447,Canon PowerShot N100
448,Canon PowerShot SX600 HS
449,Fujifilm FinePix XP70
450,Fujifilm FinePix S1
451,Fujifilm FinePix S8600
452,Fujifilm FinePix S9200
453,Fujifilm FinePix S9400W
454,Samsung NX30
455,Samsung Galaxy Camera 2
456,Casio Exilim EX-10
457,Nikon Df
458,Olympus Stylus 1
459,Fujifilm X-E2
460,Fujifilm XQ1
461,Nikon D5300
462,Panasonic Lumix DMC-GM1
463,Sony a7R
464,Sony a7
465,Sony Cyber-shot DSC-RX10
466,Nikon D610
467,Pentax K-3
468,Nikon 1 AW1
469,Fujifilm X-A1
470,Olympus OM-D E-M1
471,Leica C (Typ112)
472,Nikon Coolpix P7800
473,Nikon Coolpix S02
474,Sony Cyber-shot DSC-QX10
475,Sony Cyber-shot DSC-QX100
476,Sony Alpha a3000
477,Sony Alpha NEX-5T
478,Canon PowerShot G16
479,Canon PowerShot N Facebook ready
480,Canon PowerShot S120
481,Canon PowerShot SX510 HS
482,Canon PowerShot SX170 IS
483,Casio Exilim EX-ZR800
484,Panasonic Lumix DMC-GX7
485,Panasonic Lumix DMC-FZ70
486,Canon EOS 70D
487,Sony Cyber-shot DSC-RX1R
488,Sony Cyber-shot DSC-RX100 II
489,Fujifilm X-M1
490,Samsung Galaxy NX
491,Pentax K-50
492,Pentax Q7
493,Pentax K-500
494,Leica X Vario
495,Pentax Efina
496,Olympus PEN E-P5
497,Olympus PEN E-PL6
498,Samsung NX2000
499,Sony Cyber-shot DSC-HX50V
500,Panasonic Lumix DMC-G6
501,Panasonic Lumix DMC-LF1
502,Ricoh GR
503,Samsung NX1100
504,Panasonic Lumix DMC-GF6
505,Fujifilm FinePix XP200
506,Fujifilm FinePix S8400W
507,Canon EOS Rebel SL1 (EOS 100D)
508,Canon EOS 700D (EOS Rebel T5i / EOS Kiss X7i)
509,Canon PowerShot SX280 HS
510,Canon PowerShot SX270 HS
511,Nikon Coolpix A
512,Nikon Coolpix P330
513,Nikon Coolpix L320
514,Nikon D7100
515,Nikon Coolpix S3500
516,Sony Cyber-shot DSC-HX300
517,Sony Cyber-shot DSC-WX300
518,Sony Cyber-shot DSC-TX30
519,Sony Alpha NEX-3N
520,Sony SLT-A58
521,Samsung Galaxy Camera (Wi-Fi)
522,Fujifilm FinePix F900EXR
523,Fujifilm FinePix S4800
524,Olympus Stylus XZ-10
525,Pentax WG-3 GPS
526,Pentax WG-3
527,Pentax WG-10
528,Casio Exilim EX-ZR700
529,Casio Exilim EX-ZR400
530,Canon PowerShot A2500
531,Nikon Coolpix AW110
532,Nikon Coolpix S9500
533,Nikon Coolpix S5200
534,Nikon Coolpix S31
535,Nikon Coolpix L28
536,Nikon Coolpix L820
537,Nikon Coolpix P520
538,Canon PowerShot ELPH 115 IS (IXUS 132)
539,Canon PowerShot ELPH 330 HS (IXUS 255 HS)
540,Sigma DP3 Merrill
541,Olympus TG-630 iHS
542,Olympus Tough TG-2 iHS
543,Olympus TG-830 iHS
544,Olympus SH-50
545,Olympus SZ-16 iHS
546,Olympus SZ-15
547,Nikon 1 S1
548,Nikon 1 J3
549,Nikon Coolpix S6500
550,Sony Cyber-shot DSC-WX80
551,Sony Cyber-shot DSC-TF1
552,Sony Cyber-shot DSC-H200
553,Sony Cyber-shot DSC-W730
554,Sony Cyber-shot DSC-W710
555,Samsung WB800F
556,Samsung WB250F
557,Samsung WB30F
558,Samsung DV150F
559,Samsung ST150F
560,Fujifilm FinePix T550
561,Fujifilm X100S
562,Fujifilm X20
563,Fujifilm FinePix HS50 EXR
564,Fujifilm FinePix SL1000
565,Fujifilm FinePix S8200
566,Fujifilm FinePix S8500
567,Fujifilm FinePix XP60
568,Fujifilm FinePix T500
569,Fujifilm FinePix S8300
570,Panasonic Lumix DMC-ZS30 (Lumix DMC-TZ40)
571,Panasonic Lumix DMC-TS5 (Lumix DMC-FT5)
572,Panasonic Lumix DMC-XS1
573,Panasonic Lumix DMC-LZ30
574,Panasonic Lumix DMC-SZ3
575,Panasonic Lumix DMC-FH10
576,Panasonic Lumix DMC-F5
577,Panasonic Lumix HX-A100
578,Panasonic Lumix DMC-ZS25 (Lumix DMC-TZ35)
579,Panasonic Lumix DMC-TS25 (Lumix DMC-FT25)
580,Canon PowerShot N
581,Canon ELPH 130 (IXUS 140)
582,Canon PowerShot A1400
583,Canon PowerShot A3500 IS
584,Pentax MX-1
585,Fujifilm FinePix HS35EXR
586,Samsung NX300M
587,Samsung NX300
588,Nikon D5200
589,Nikon 1 V2
590,Casio Exilim EX-ZR1000
591,Leica M Typ 240
592,Leica M-E Typ 220
593,Leica D-Lux 6
594,Leica V-Lux 4
595,Panasonic Lumix DMC-GH3
596,Olympus PEN E-PL5
597,Olympus PEN E-PM2
598,Olympus XZ-2 iHS
599,Canon EOS 6D
600,Canon PowerShot G15
601,Canon PowerShot SX50 HS
602,Canon PowerShot S110
603,Fujifilm XF1
604,Nikon D600
605,Sony Alpha NEX-6
606,Sony Alpha a99
607,Sony Cyber-shot DSC-RX1
608,Pentax K-5 II
609,Pentax Q10
610,Pentax K-5 IIs
611,Fujifilm X-E1
612,Samsung Galaxy Camera 4G
613,Samsung Galaxy Camera 3G
614,Sony Alpha NEX-5R
615,Pentax X-5
616,Nikon Coolpix P7700
617,Nikon Coolpix S01
618,Nikon Coolpix S800c
619,Nikon Coolpix S6400
620,Canon PowerShot SX160 IS
621,Canon PowerShot SX500 IS
622,Olympus VH-515
623,Olympus VH-410
624,Olympus Stylus SP-820UZ
625,Nikon 1 J2
626,Nikon Coolpix L610
627,Fujifilm FinePix F800EXR
628,Canon EOS M
629,Panasonic Lumix DMC-LX7
630,Panasonic Lumix DMC-G5
631,Panasonic Lumix DMC-FZ200
632,Panasonic Lumix DMC-FZ60 (Lumix DMC-FZ62)
633,Panasonic Lumix DMC-LZ20
634,Panasonic Lumix DMC-SZ5
635,Samsung EX2F
636,Canon EOS Rebel T4i (EOS 650D / EOS Kiss X6i)
637,Sony Cyber-shot DSC-RX100
638,Casio Exilim EX-ZR300
639,Pentax K-30
640,Pentax Optio LS465
641,Sony SLT-A37
642,Sony Alpha NEX-F3
643,Leica M-Monochrom
644,Leica X2
645,Leica V-Lux 40
646,Olympus Tough TG-1 iHS
647,Samsung NX1000
648,Samsung NX210
649,Samsung NX20
650,Nikon D3200
651,Canon EOS-1D C
652,Canon EOS 60Da
653,Panasonic Lumix DMC-GF5
654,Sony SLT-A57
655,Canon EOS 5D Mark III
656,Sony Cyber-shot DSC-H90
657,Sony Cyber-shot DSC-HX200V
658,Sony Cyber-shot DSC-HX30V
659,Sony Cyber-shot DSC-HX20V
660,Sony Cyber-shot DSC-HX10V
661,Sony Cyber-shot DSC-WX150
662,Sony Cyber-shot DSC-W690
663,Sony Cyber-shot DSC-TX66
664,Sony Cyber-shot DSC-TX20
665,Sigma DP1 Merrill
666,Sigma DP2 Merrill
667,Sigma SD1 Merrill
668,Olympus SZ-31MR iHS
669,Olympus TG-820 iHS
670,Olympus OM-D E-M5
671,Pentax Optio WG-2
672,Pentax Optio WG-2 GPS
673,Canon PowerShot ELPH 530 HS (IXUS 510 HS)
674,Canon PowerShot A810
675,Canon PowerShot A1300
676,Canon PowerShot A2300
677,Canon PowerShot A2400 IS
678,Canon PowerShot A3400 IS
679,Canon PowerShot A4000 IS
680,Canon PowerShot D20
681,Canon PowerShot SX240 HS
682,Canon PowerShot SX260 HS
683,Nikon D800
684,Nikon D800E
685,Pentax K-01
686,Ricoh GXR A16 24-85mm F3.5-5.5
687,Nikon Coolpix P310
688,Nikon Coolpix P510
689,Nikon Coolpix L810
690,Nikon Coolpix L26
691,Nikon Coolpix S30
692,Nikon Coolpix S3300
693,Nikon Coolpix S4300
694,Nikon Coolpix S6300
695,Nikon Coolpix S9300
696,Panasonic Lumix DMC-ZS20 (Lumix DMC-TZ30)
697,Panasonic Lumix DMC-TS20 (Lumix DMC-FT20)
698,Panasonic Lumix DMC-TS4 (Lumix DMC-FT4)
699,Panasonic Lumix DMC-ZS15 (Lumix DMC-TZ25)
700,Sony Cyber-shot DSC-TX200V
701,Sony Cyber-shot DSC-WX50
702,Sony Cyber-shot DSC-WX70
703,Pentax Optio VS20
704,Kodak Pixpro S-1
705,Casio Exilim EX-ZS150
706,Casio Exilim EX-ZS20
707,Casio Exilim EX-ZS6
708,Casio Exilim EX-ZS12
709,Kodak EasyShare M750
710,Kodak EasyShare Z5120
711,Kodak EasyShare C135
712,Olympus VR-340
713,Olympus VG-160
714,Olympus TG-320
715,Olympus SZ-12
716,Olympus SP-620 UZ
717,Sony Cyber-shot DSC-W610
718,Sony Cyber-shot DSC-W620
719,Sony Cyber-shot DSC-W650
720,Panasonic Lumix DMC-SZ7
721,Panasonic Lumix DMC-SZ1
722,Panasonic Lumix DMC-FH8
723,Panasonic Lumix DMC-FH6
724,Panasonic Lumix DMC-S2
725,Samsung WB850F
726,Samsung WB150F
727,Samsung ST76
728,Samsung ST200F
729,Samsung ST66
730,Fujifilm X-Pro1
731,Casio Exilim EX-ZR15
732,Canon ELPH 520 HS (IXUS 500 HS)
733,Canon PowerShot ELPH 110HS (PowerShot IXUS 125 HS)
734,Canon PowerShot G1 X
735,Nikon D4
736,Fujifilm FinePix XP150
737,Fujifilm FinePix XP50
738,Fujifilm FinePix Z1000EXR
739,Fujifilm FinePix T400
740,Fujifilm FinePix SL300
741,Fujifilm FinePix SL240
742,Fujifilm FinePix S4500
743,Fujifilm FinePix S4200
744,Fujifilm FinePix JZ200
745,Fujifilm FinePix JZ100
746,Fujifilm FinePix JX550
747,Fujifilm FinePix JX500
748,Fujifilm FinePix F770EXR
749,Fujifilm FinePix F660EXR
750,Fujifilm FinePix F750EXR
751,Fujifilm FinePix Z110
752,Fujifilm FinePix HS30EXR
753,Samsung DV300F
754,Leica V-Lux 3
755,Fujifilm X-S1
756,Kodak EasyShare Z5010
757,Olympus SH-21
758,Ricoh CX6
759,Panasonic Lumix DMC-GX1
760,Panasonic Lumix DMC-3D1
761,Lytro Light Field 8GB
762,Lytro Light Field 16GB
763,Canon EOS-1D X
764,Nikon 1 V1
765,Nikon 1 J1
766,Canon PowerShot S100
767,Canon PowerShot SX40 HS
768,Ricoh GR Digital IV
769,Kodak Easyshare M5370
770,Pentax Optio RZ18
771,Samsung NX200
772,Samsung WB750
773,Samsung MV800
774,Fujifilm X10
775,Panasonic Lumix DMC-FZ150
776,Panasonic Lumix DMC-FX90
777,Sony Alpha NEX-5N
778,Sony Alpha NEX-7
779,Sony SLT-A77
780,Sony SLT-A65
781,Nikon Coolpix P7100
782,Nikon Coolpix S1200pj
783,Nikon Coolpix AW100
784,Nikon Coolpix S100
785,Nikon Coolpix S8200
786,Nikon Coolpix S6200
787,Canon PowerShot SX150 IS
788,Canon ELPH 310 HS (IXUS 230 HS)
789,Canon IXUS 1100 HS / IXY 50S / Canon ELPH 510 HS / Canon IXUS 1100 HS
790,Fujifilm FinePix JX370
791,Fujifilm FinePix F600 EXR
792,Ricoh GXR Mount A12
793,Olympus SP-810 UZ
794,Olympus SZ-11
795,Olympus VG-145
796,Sony Cyber-shot DSC-WX30
797,Sony Cyber-shot DSC-TX55
798,Sony Cyber-shot DSC-W550
799,Panasonic Lumix DMC-FZ47 (Lumix DMC-FZ48)
800,Panasonic Lumix DMC-LS5
801,Casio Exilim EX-ZS15
802,Olympus PEN E-P3
803,Olympus PEN E-PL3
804,Olympus PEN E-PM1
805,Pentax Q
806,Leica M9-P
807,Panasonic Lumix DMC-GF3
808,Ricoh PX
809,Sony Alpha NEX-C3
810,Sony SLT-A35
811,Leica V-Lux 30 / Panasonic Lumix DMC-TZ22
812,Panasonic Lumix DMC-G3
813,Panasonic Lumix DMC-FH7 (Lumix DMC-FS22 / Lumix DMC-FS22)
814,Samsung ST93
815,Fujifilm FinePix Z900EXR
816,Nikon D5100
817,Pentax Optio RS1500
818,Pentax Optio S1
819,Olympus TG-810
820,Olympus SZ-30MR
821,Nikon Coolpix P300
822,Nikon Coolpix L120
823,Nikon Coolpix P500
824,Nikon Coolpix S9100
825,Nikon Coolpix S6100
826,Nikon Coolpix S4100
827,Nikon Coolpix S3100
828,Nikon Coolpix L24
829,Olympus VG-110
830,Olympus VR-330
831,Olympus VR-320
832,Olympus SZ-10
833,Sigma DP2x
834,Pentax Optio WG-1
835,Pentax Optio WG-1 GPS
836,Canon ELPH 100 HS (IXUS 115 HS)
837,Canon ELPH 300 HS (IXUS 220 HS)
838,Canon IXUS 310 HS (ELPH 500 HS / IXUS 310 HS / IXY 31S)
839,Canon PowerShot SX230 HS
840,Canon SX220 HS
841,Canon EOS 600D (EOS Rebel T3i / EOS Kiss X5)
842,Canon EOS 1100D (EOS Rebel T3 / EOS Kiss X50)
843,Sony Cyber-shot DSC-HX9V
844,Sony Cyber-shot DSC-HX100V
845,Ricoh CX5
846,Panasonic Lumix DMC-FX78 (Lumix DMC-FX77)
847,Panasonic Lumix DMC-ZS10 (Lumix DMC-TZ20 / Lumix DMC-TZ22)
848,Panasonic Lumix DMC-ZS8 (Lumix DMC-TZ18)
849,Panasonic Lumix DMC-TS3 (Lumix DMC-FT3)
850,Samsung ST6500
851,Samsung ST95
852,Samsung ST90
853,Samsung ST65
854,Samsung ST30
855,Olympus PEN E-PL2
856,Olympus XZ-1
857,Olympus SP-610UZ
858,Olympus TG-310
859,Olympus TG-610
860,Olympus VG-120
861,Sony Cyber-shot DSC-TX100V
862,Sony Cyber-shot DSC-TX10
863,Sony Cyber-shot DSC-HX7V
864,Sony Cyber-shot DSC-WX10
865,Sony Cyber-shot DSC-WX9
866,Sony Cyber-shot DSC-W510
867,Sony Cyber-shot DSC-W530
868,Sony Cyber-shot DSC-W560
869,Sony Cyber-shot DSC-W570
870,Sony Cyber-shot DSC-T110
871,Sony Cyber-shot DSC-H70
872,Panasonic Lumix DMC-FH2 (Lumix DMC-FS16)
873,Panasonic Lumix DMC-FH5 (Lumix DMC-FS18)
874,Panasonic Lumix DMC-FH25 (Lumix DMC-FS35)
875,Panasonic Lumix DMC-FH27
876,Panasonic Lumix DMC-FP5
877,Panasonic Lumix DMC-FP7
878,Panasonic Lumix DMC-S1
879,Panasonic Lumix DMC-S3
880,Samsung ST700
881,Samsung PL170
882,Samsung PL120
883,Samsung WB210
884,Samsung PL210
885,Casio Exilim EX-H30
886,Casio Exilim EX-ZR100
887,Casio Exilim EX-ZS10
888,Casio Exilim EX-ZS5
889,Casio Exilim TRYX
890,Canon PowerShot A2200
891,Canon PowerShot A1200
892,Canon PowerShot A3300 IS
893,Canon PowerShot A3200 IS
894,Canon PowerShot A800
895,FujiFilm Finepix Z90 (Finepix Z91)
896,FujiFilm FinePix S2950 (FinePix S2990)
897,FujiFilm FinePix S3200 (FinePix S3250)
898,FujiFilm FinePix S4000 (FinePix S4050)
899,FujiFilm FinePix T200 (FinePix T205)
900,Fujifilm FinePix XP30
901,FujiFilm FinePix JX300 (FinePix JX305)
902,FujiFilm FinePix JX350 (FinePix JX355)
903,FujiFilm FinePix JV200 (FinePix JV205)
904,FujiFilm FinePix HS20 EXR (FinePix HS22 EXR)
905,FujiFilm FinePix F500 EXR (FinePix F505 EXR)
906,Fujifilm FinePix F550 EXR
907,FujiFilm FinePix AX350 (FinePix AX355)
908,FujiFilm FinePix AV250 (FinePix AV255)
909,FujiFilm FinePix AV200 (FinePix AV205)
910,FujiFilm FinePix T300 (FinePix T305 / FinePix T305)
911,Samsung SH100
912,Kodak EasyShare Z990 (EasyShare Max)
913,Kodak EasyShare Touch
914,Kodak EasyShare Sport
915,Kodak EasyShare Mini
916,Samsung NX11
917,Samsung WB700
918,Olympus PEN E-PL1s
919,Panasonic Lumix DMC-GF2
920,Ricoh G700SE
921,Panasonic Lumix DMC-GH2
922,Leica D-LUX 5
923,Leica V-Lux 2
924,Sigma SD1
925,Ricoh GXR GR Lens A12 28mm F2.5
926,Pentax K-5
927,Casio Exilim EX-H20G
928,Casio Exilim EX-ZR10
929,Casio Exilim EX-Z2300
930,Casio Exilim EX-Z16
931,Fujifilm FinePix X100
932,Nikon D7000
933,Canon PowerShot G12
934,Canon PowerShot SX30 IS
935,Samsung NX100
936,Olympus E-5
937,Pentax Optio RZ10
938,Pentax K-r
939,Nikon Coolpix P7000
940,Nikon Coolpix S80
941,Nikon Coolpix S8100
942,Canon EOS 60D
943,Sony SLT-A55
944,Sony SLT-A33
945,Sony Alpha DSLR-A580
946,Sony Alpha DSLR-A560
947,Kodak M590
948,Ricoh CX4
949,Canon PowerShot S95
950,Nikon D3100
951,Canon PowerShot SX130 IS
952,Canon PowerShot SD4500 IS / Digital IXUS 1000 HS / IXY 50S
953,Olympus FE-5040
954,Olympus FE-5035
955,Olympus FE-5050
956,Nikon Coolpix S5100
957,Nikon Coolpix S1100pj
958,Fujifilm FinePix Real 3D W3
959,Casio Exilim EX-Z800
960,Casio Exilim EX-S200
961,Samsung PL200
962,Panasonic Lumix DMC-LX5
963,Panasonic Lumix DMC-FZ40 (Lumix DMC-FZ45)
964,Panasonic Lumix DMC-FZ100
965,FujiFilm FinePix F300EXR (FinePix F305EXR)
966,FujiFilm FinePix Z800EXR (FinePix Z808EXR)
967,Panasonic Lumix DMC-FX700
968,Sony Cyber-shot DSC-WX5
969,Sony Cyber-shot DSC-TX9
970,Sony Cyber-shot DSC-T99
971,Sony Alpha DSLR-A390
972,Sony Alpha DSLR-A290
973,Casio Exilim EX-H5
974,Samsung NX5
975,Panasonic Lumix DMC-FX75 (Lumix DMC-FX70)
976,Sony Alpha NEX-5
977,Sony Alpha NEX-3
978,Canon PowerShot SD4000 IS (IXUS 300 HS / IXY 30S)
979,Ricoh GXR P10 28-300mm F3.5-5.6 VC
980,Samsung HZ50W (WB5500)
981,Pentax Optio M90
982,Leica V-Lux 20
983,Pentax 645D
984,Panasonic Lumix DMC-G2
985,Panasonic Lumix DMC-G10
986,Pentax X90
987,Pentax Optio W90
988,Casio Exilim EX-S7
989,Casio Exilim EX-Z35
990,Sigma DP1x
991,Sigma DP2s
992,Sigma SD15
993,Samsung AQ100 (WP10)
994,Samsung TL350 (WB2000)
995,Samsung TL500 (EX1)
996,Sony Cyber-shot DSC-TX5
997,Sony Cyber-shot DSC-H55
998,Canon PowerShot SX210 IS
999,Canon PowerShot SD3500 IS / IXUS 210 / IXY 10S
1000,Canon PowerShot SD1400 IS / IXUS 130 / IXY 400F
1001,Canon PowerShot SD1300 IS / IXUS 105 / IXY 200F
1002,Canon EOS 550D (EOS Rebel T2i / EOS Kiss X4)
1003,Ricoh CX3
1004,Olympus PEN E-PL1
1005,Nikon Coolpix P100
1006,Nikon Coolpix L110
1007,Nikon Coolpix S8000
1008,Nikon Coolpix S3000
1009,Nikon Coolpix S4000
1010,Nikon Coolpix L21
1011,Nikon Coolpix L22
1012,Nikon Coolpix S6000
1013,Olympus Stylus Tough 8010 (mju Tough 8010)
1014,Olympus Stylus Tough 6020 (mju Tough 6020)
1015,Olympus SP-800 UZ
1016,Olympus SP-600 UZ
1017,FujiFilm FinePix JZ500 (FinePix JZ505)
1018,FujiFilm FinePix JZ300 (FinePix JZ305)
1019,FujiFilm FinePix JV100 (FinePix JV105)
1020,Fujifilm FinePix JV150
1021,FujiFilm FinePix S2800HD (FinePix S2900HD)
1022,FujiFilm FinePix XP10 (FinePix XP11)
1023,FujiFilm FinePix Z70 (FinePix Z71)
1024,FujiFilm FinePix S1600 (FinePix S1770)
1025,FujiFilm FinePix S1800 (FinePix S1880)
1026,FujiFilm FinePix S2500HD (FinePix S2600HD)
1027,FujiFilm FinePix HS10 (FinePix HS11)
1028,FujiFilm FinePix F80EXR (FinePix F85EXR)
1029,FujiFilm FinePix Z700EXR (FinePix Z707EXR)
1030,Panasonic Lumix DMC-ZS7 (Lumix DMC-TZ10)
1031,Panasonic Lumix DMC-TS2 (Lumix DMC-FT2)
1032,Panasonic Lumix DMC-ZR3 (Lumix DMC-ZX3)
1033,Panasonic Lumix DMC-ZS5 (Lumix DMC-TZ8)
1034,Panasonic Lumix DMC-FX66 (Lumix DMC-FX68)
1035,Pentax Optio H90
1036,Pentax Optio I-10
1037,Pentax Optio E90
1038,Panasonic Lumix DMC-TS10 (Lumix DMC-FT10)
1039,Samsung HZ35W (WB650)
1040,Samsung HZ30W (WB600)
1041,Olympus Stylus Tough 3000 (mju Tough 3000)
1042,Olympus Stylus 9010 (mju 9010)
1043,Olympus Stylus 7040 (mju 7040)
1044,Olympus Stylus 7030 (mju 7030)
1045,Olympus Stylus 5010 (mju 5010)
1046,Olympus FE-4040
1047,Olympus FE-47
1048,Olympus FE-4030
1049,Sony Cyber-shot DSC-HX5
1050,Sony Cyber-shot DSC-TX7
1051,Sony Cyber-shot DSC-S2100
1052,Sony Cyber-shot DSC-S2000
1053,Sony Cyber-shot DSC-W350
1054,Sony Cyber-shot DSC-W380
1055,Sony Cyber-shot DSC-W320
1056,Sony Cyber-shot DSC-W310
1057,Sony Cyber-shot DSC-W330
1058,Sony Cyber-shot DSC-W370
1059,Panasonic Lumix DMC-FP3
1060,Panasonic Lumix DMC-FP2
1061,Panasonic Lumix DMC-FP1
1062,Samsung TL210 (PL150)
1063,Samsung TL205 (PL100)
1064,Samsung TL240 (ST5000)
1065,Samsung CL80 (ST5500)
1066,Samsung ST80
1067,Samsung ST600
1068,Samsung ST100
1069,Casio Exilim EX-FH100
1070,Casio Exilim EX-H15
1071,Casio Exilim EX-Z2000
1072,Casio Exilim EX-Z550
1073,Panasonic Lumix DMC-FH22 (Lumix DMC-FS33)
1074,Panasonic Lumix DMC-FH20 (Lumix DMC-FS30)
1075,Panasonic Lumix DMC-FH1 (Lumix DMC-FS10)
1076,Panasonic Lumix DMC-FH3 (Lumix DMC-FS11)
1077,Canon PowerShot A495
1078,Canon PowerShot A490
1079,Canon PowerShot A3100 IS
1080,Canon PowerShot A3000 IS
1081,Kodak EasyShare Z981
1082,Kodak EasyShare M575
1083,Kodak EasyShare M530
1084,Kodak EasyShare M550
1085,Sony Alpha DSLR-A450
1086,Samsung NX10
1087,Casio Exilim EX-G1
1088,Casio Exilim EX-FC150
1089,Casio Exilim EX-FH25
1090,Ricoh GXR S10 24-72mm F2.5-4.4 VC
1091,Ricoh GXR A12 50mm F2.5 Macro
1092,Olympus PEN E-P2
1093,Canon EOS-1D Mark IV
1094,Nikon D3S
1095,Sigma DP1s
1096,Pentax Optio E85
1097,Pentax Optio M85
1098,Pentax K-x
1099,Leica M9
1100,Leica X1
1101,Panasonic Lumix DMC-GF1
1102,Samsung HZ25W (WB5000)
1103,Canon EOS 7D
1104,Casio Exilim EX-Z33
1105,Casio Exilim EX-Z280
1106,Olympus E-600 (EVOLT E-600)
1107,Sony Alpha DSLR-A850
1108,Sony Alpha DSLR-A500
1109,Sony Alpha DSLR-A550
1110,Ricoh CX2
1111,Canon PowerShot S90
1112,Canon PowerShot G11
1113,Canon PowerShot SD940 IS / Digital IXUS 120 IS
1114,Canon PowerShot SD980 IS / Digital IXUS 200 IS
1115,Canon PowerShot SX20 IS
1116,Canon PowerShot SX120 IS
1117,Casio Exilim EX-Z90
1118,Casio Exilim EX-Z450
1119,Samsung TL225 (ST550)
1120,Samsung TL220 (ST500)
1121,Sony Cyber-shot DSC-TX1
1122,Sony Cyber-shot DSC-WX1
1123,Pentax Optio P80
1124,Pentax Optio WS80
1125,Pentax Optio E80
1126,Nikon Coolpix S1000pj
1127,Nikon Coolpix S70
1128,Nikon Coolpix S640
1129,Nikon Coolpix S570
1130,Nikon D3000
1131,Nikon D300S
1132,Kodak EasyShare Z950
1133,Kodak EasyShare M381
1134,Kodak EasyShare M341
1135,Kodak EasyShare M580
1136,Panasonic Lumix DMC-ZR1 (Lumix DMC-ZX1)
1137,Panasonic Lumix DMC-FP8
1138,Panasonic Lumix DMC-FZ35 (Lumix DMC-FZ38)
1139,Panasonic Lumix DMC-FX65 (Lumix DMC-FX60)
1140,Ricoh GR Digital III
1141,Olympus FE-4000 (X-925)
1142,Olympus FE-5020 (X-935)
1143,Olympus FE-5030
1144,Fujifilm FinePix Real 3D W1
1145,Olympus Stylus 7010 (mju 7010)
1146,FujiFilm FinePix F70EXR (FinePix F75EXR)
1147,FujiFilm FinePix S200EXR (FinePix S205EXR)
1148,Fujifilm FinePix Z35
1149,Fujifilm FinePix A170
1150,Fujifilm FinePix J30
1151,Fujifilm FinePix Z37
1152,Olympus Stylus Tough 6010 (mju Tough 6010)
1153,Samsung SL720 (PL70)
1154,AgfaPhoto DC-600uw
1155,Pentax Optio W80
1156,Olympus PEN E-P1
1157,Fujifilm FinePix Z300
1158,Casio Exilim EX-H10
1159,Pentax K-7
1160,Sony Alpha DSLR-A380
1161,Sony Alpha DSLR-A330
1162,Sony Alpha DSLR-A230
1163,Panasonic Lumix DMC-FS12
1164,Panasonic Lumix DMC-FS62
1165,Panasonic Lumix DMC-FS42
1166,Nikon D5000
1167,Olympus E-450 (EVOLT E-450)
1168,Canon EOS 500D (EOS Rebel T1i / EOS Kiss X3)
1169,Panasonic Lumix DMC-GH1
1170,Casio Exilim EX-Z29
1171,Sony Cyber-shot DSC-HX1
1172,Pentax X70
1173,Pentax Optio P70
1174,Epson R-D1x
1175,Olympus E-620 (EVOLT E-620)
1176,Samsung TL320 (WB1000)
1177,Samsung HZ15W (WB550)
1178,Samsung CL5 (PL10)
1179,Ricoh CX1
1180,Canon PowerShot D10
1181,Canon PowerShot SX200 IS
1182,Canon PowerShot SD960 IS / Digital IXUS 110 IS
1183,Canon PowerShot SD970 IS / Digital IXUS 990 IS
1184,Canon PowerShot SD1200 IS (Digital IXUS 95 IS)
1185,Canon PowerShot SD780 IS (Digital IXUS 100 IS)
1186,Canon PowerShot A2100 IS
1187,Canon PowerShot A1100 IS
1188,Sony Cyber-shot DSC-W230
1189,Sony Cyber-shot DSC-W290
1190,Sony Cyber-shot DSC-T900
1191,Sony Cyber-shot DSC-T90
1192,Sony Cyber-shot DSC-H20
1193,Samsung SL820 (IT100)
1194,Samsung SL620 (PL65)
1195,Samsung SL202 (PL50)
1196,Sony Cyber-shot DSC-S980
1197,Sony Cyber-shot DSC-S950
1198,Samsung SL30 (ES15)
1199,Fujifilm FinePix Z33WP
1200,Fujifilm FinePix S1500
1201,Fujifilm FinePix Z30
1202,Fujifilm FinePix F200EXR
1203,Fujifilm FinePix A100
1204,Fujifilm FinePix A150
1205,Nikon Coolpix L100
1206,Nikon Coolpix S630
1207,Nikon Coolpix S620
1208,Nikon Coolpix S230
1209,Nikon Coolpix S220
1210,Nikon Coolpix L19
1211,Nikon Coolpix L20
1212,Nikon Coolpix P90
1213,Panasonic Lumix DMC-TS1 (Lumix DMC-FT1)
1214,Panasonic Lumix DMC-FX48 (Lumix DMC-FX40)
1215,Panasonic Lumix DMC-ZS1 (Lumix DMC-TZ6)
1216,Panasonic Lumix DMC-FX580 (Lumix DMC-FX550)
1217,Panasonic Lumix DMC-FS25
1218,Panasonic Lumix DMC-ZS3 (Lumix DMC-TZ7)
1219,Panasonic Lumix DMC-LS85
1220,Panasonic Lumix DMC-FS15
1221,Panasonic Lumix DMC-FS7
1222,Panasonic Lumix DMC-FS6
1223,Canon PowerShot A480
1224,Casio Exilim EX-FC100
1225,Casio Exilim EX-Z400
1226,Casio Exilim EX-FS10
1227,Casio Exilim EX-Z270
1228,Casio Exilim EX-S12
1229,Casio Exilim EX-S5
1230,Samsung SL102 (ES55)
1231,Samsung HZ10W (WB500)
1232,Samsung ST10 (CL50)
1233,Sony Cyber-shot DSC-G3
1234,Samsung TL100 (ST50)
1235,Kodak EasyShare Z1485 IS
1236,Kodak EasyShare Z915
1237,Kodak EasyShare M380
1238,Kodak EasyShare M320
1239,Kodak EasyShare C140
1240,Sony Cyber-shot DSC-W220
1241,Sony Cyber-shot DSC-S930
1242,Olympus SP-590 UZ
1243,Olympus Stylus 9000 (mju 9000)
1244,Olympus Stylus 7000 (mju 7000)
1245,Olympus FE-3010
1246,Olympus FE-3000
1247,Olympus Stylus 550WP (mju  550WP)
1248,Olympus FE-5000
1249,Olympus FE-5010
1250,Olympus Stylus Tough 6000 (mju Tough 6000)
1251,Olympus Stylus Tough 8000 (mju Tough 8000)
1252,Olympus FE-45
1253,Olympus FE-25
1254,Pentax Optio E70
1255,Kodak EasyShare M340
1256,Kodak EasyShare Z980
1257,Nikon D3X
1258,Olympus E-30
1259,Kodak EasyShare C913
1260,Kodak EasyShare C1013
1261,Leica S2
1262,Sigma DP2
1263,Pentax K-m (K2000)
1264,Ricoh R10
1265,Canon PowerShot SX10 IS
1266,Canon PowerShot SX1 IS
1267,Canon PowerShot G10
1268,Canon EOS 5D Mark II
1269,Canon PowerShot SD880 IS (Digital IXUS 870 IS)
1270,Canon PowerShot SD990 IS (Digital IXUS 980 IS)
1271,Casio Exilim EX-FH20
1272,Leica D-LUX 4
1273,Leica C-LUX 3
1274,Leica M8.2
1275,Panasonic Lumix DMC-G1
1276,Sony Alpha DSLR-A900
1277,Samsung CL65 (ST1000)
1278,Sony Cyber-shot DSC-T500
1279,Nikon D90
1280,Canon PowerShot SX110 IS
1281,Canon PowerShot A1000 IS
1282,Canon PowerShot A2000 IS
1283,Canon PowerShot E1
1284,Canon EOS 50D
1285,Olympus SP-565UZ
1286,Olympus FE-20 (C-25 / X-15)
1287,Olympus Stylus 1040 (mju 1040)
1288,Olympus Stylus 1050 SW (mju 1050 SW)
1289,Casio Exilim EX-Z85
1290,Casio Exilim EX-Z250
1291,Casio Exilim EX-Z300
1292,Olympus FE-360 (C-570 / X-875)
1293,Olympus FE-370
1294,Fujifilm FinePix J100
1295,Fujifilm FinePix J120
1296,Fujifilm FinePix J110W
1297,Fujifilm FinePix J150W
1298,Fujifilm FinePix F60fd
1299,Fujifilm FinePix S2000HD
1300,Fujifilm FinePix J250
1301,Fujifilm FinePix J20
1302,Nikon Coolpix P6000
1303,Nikon Coolpix S60
1304,Nikon Coolpix S560
1305,Nikon Coolpix S610
1306,Nikon Coolpix S610c
1307,Nikon Coolpix S710
1308,Sony Cyber-shot DSC-T700
1309,Sony Cyber-shot DSC-T77
1310,Pentax Optio E60
1311,Pentax Optio M60
1312,Panasonic Lumix DMC-LX3
1313,Panasonic Lumix DMC-FZ28
1314,Panasonic Lumix DMC-FX37
1315,Panasonic Lumix DMC-FX150
1316,Samsung L310W (SL310)
1317,Samsung L201 (SL201)
1318,Samsung NV9 (TL9)
1319,Samsung TL34HD (NV100HD)
1320,Samsung S1070
1321,Kodak EasyShare M1093 IS
1322,Kodak EasyShare Z1015 IS
1323,Nikon D700
1324,Ricoh Caplio GX200
1325,Canon EOS 1000D (EOS Rebel XS / Kiss F Digital)
1326,Pentax Optio W60
1327,Fujifilm FinePix Z200FD
1328,Pentax Optio V20
1329,Olympus E-520 (EVOLT E-520)
1330,Ricoh G600
1331,Panasonic Lumix DMC-TZ50
1332,Nikon Coolpix P80
1333,Nikon Coolpix S52c
1334,Nikon Coolpix S52
1335,Kodak EasyShare C713
1336,Kodak EasyShare M1063
1337,Kodak EasyShare M1073 IS
1338,Panasonic Lumix DMC-FX500
1339,Canon PowerShot SD770 IS (Digital IXUS 85 IS)
1340,Canon PowerShot SD790 IS (Digital IXUS 90 IS)
1341,Canon PowerShot SD890 IS (Digital IXUS 970 IS / IXY Digital 820 IS)
1342,Casio Exilim EX-Z9
1343,Olympus E-420 (EVOLT E-420)
1344,Sony Cyber-shot DSC-W300
1345,Sony Cyber-shot DSC-H50
1346,Ricoh Caplio R8
1347,Sony Alpha DSLR-A350
1348,Sony Alpha DSLR-A300
1349,Nikon Coolpix L16
1350,Nikon Coolpix L18
1351,Nikon Coolpix P60
1352,Nikon Coolpix S210
1353,Nikon Coolpix S520
1354,Nikon Coolpix S550
1355,Nikon Coolpix S600
1356,Nikon D60
1357,Panasonic Lumix DMC-LZ8
1358,Panasonic Lumix DMC-LZ10
1359,Panasonic Lumix DMC-FS3
1360,Panasonic Lumix DMC-FS5
1361,Panasonic Lumix DMC-FS20
1362,Panasonic Lumix DMC-FX35
1363,Panasonic Lumix DMC-TZ4
1364,Panasonic Lumix DMC-TZ5
1365,Samsung GX-20
1366,Canon PowerShot A470
1367,Canon PowerShot A580
1368,Canon PowerShot A590 IS
1369,Canon PowerShot SD1100 IS (Digital IXUS 80 IS)
1370,Canon EOS 450D (EOS Rebel XSi / EOS Kiss X2)
1371,Fujifilm FinePix Z20fd
1372,Fujifilm FinePix J50
1373,Fujifilm FinePix J10
1374,Fujifilm FinePix F100fd
1375,Fujifilm FinePix S1000fd
1376,Fujifilm FinePix S8100fd
1377,Fujifilm FinePix S100fs
1378,Sony Cyber-shot DSC-S750
1379,Sony Cyber-shot DSC-S780
1380,Sony Cyber-shot DSC-T300
1381,Sony Cyber-shot DSC-W110
1382,Sony Cyber-shot DSC-W120
1383,Sony Cyber-shot DSC-W130
1384,Sony Cyber-shot DSC-W150
1385,Sony Cyber-shot DSC-W170
1386,Sony Cyber-shot DSC-H10
1387,Pentax Optio E50
1388,Pentax Optio M50
1389,Pentax Optio S12
1390,Pentax K200D
1391,Pentax K20D
1392,Olympus FE-310
1393,Olympus FE-340 (C-560)
1394,Olympus FE-350
1395,Olympus Stylus 840
1396,Olympus Stylus 850 SW
1397,Olympus Stylus 1010
1398,Olympus Stylus 1020
1399,Olympus Stylus 1030 SW
1400,Olympus SP-570 UZ
1401,Panasonic Lumix DMC-LS80
1402,Samsung ST45
1403,Kodak EasyShare M763
1404,Kodak EasyShare M863
1405,Kodak EasyShare M893 IS
1406,Kodak EasyShare M1033
1407,Kodak EasyShare V1073
1408,Kodak EasyShare V1273
1409,Kodak EasyShare Z1085 IS
1410,Kodak EasyShare Z1285
1411,Kodak EasyShare Z8612 IS
1412,Casio Exilim EX-S10
1413,Casio Exilim EX-Z80
1414,Casio Exilim EX-Z100
1415,Casio Exilim EX-Z200
1416,Samsung i100
1417,Samsung i80
1418,Samsung i8
1419,Samsung L100
1420,Samsung L110
1421,Samsung L210
1422,Samsung NV4
1423,Samsung NV24HD
1424,Samsung NV30
1425,Samsung NV40
1426,Sony Alpha DSLR-A200
1427,Casio Exilim Pro EX-F1
1428,Kodak EasyShare C813
1429,Sony Cyber-shot DSC-S730
1430,Samsung S760
1431,Samsung S860
1432,Ricoh GR Digital II
1433,Sony Cyber-shot DSC-T2
1434,Olympus E-3
1435,Pentax Optio A40
1436,Pentax Optio V10
1437,Sony Alpha DSLR-A700
1438,Panasonic Lumix DMC-L10
1439,Nikon Coolpix L14
1440,Nikon Coolpix L15
1441,Nikon Coolpix P50
1442,Nikon Coolpix P5100
1443,Nikon Coolpix S51
1444,Nikon Coolpix S51c
1445,Nikon Coolpix S510
1446,Nikon Coolpix S700
1447,Casio Exilim EX-Z1080
1448,Casio Exilim EX-V8
1449,Ricoh Caplio R7
1450,Kodak EasyShare V1233
1451,Kodak EasyShare Z812 IS
1452,Kodak EasyShare Z1012 IS
1453,Kodak EasyShare V1253
1454,Nikon D3
1455,Nikon D300
1456,Olympus FE-270
1457,Olympus FE-280
1458,Olympus FE-290
1459,Olympus FE-300
1460,Olympus Stylus 790 SW (mju 790 SW Digital)
1461,Olympus Stylus 820 (mju 820 Digital)
1462,Olympus Stylus 830 (mju 830 Digital)
1463,Olympus Stylus 1200 (mju 1200 Digital)
1464,Olympus SP-560 UZ
1465,Pentax Optio S10
1466,Pentax Optio Z10
1467,Sony Cyber-shot DSC-T200
1468,Sony Cyber-shot DSC-H3
1469,Canon PowerShot A650 IS
1470,Canon PowerShot A720 IS
1471,Canon PowerShot SD870 IS (Digital IXUS 860 IS / IXY Digital 910 IS)
1472,Canon PowerShot SD950 IS (Digital IXUS 960 IS)
1473,Canon PowerShot SX100 IS
1474,Canon PowerShot G9
1475,Canon EOS-1Ds Mark III
1476,Canon EOS 40D
1477,Samsung i85
1478,Samsung NV8
1479,Samsung NV15
1480,Samsung NV20
1481,Fujifilm FinePix A920
1482,Fujifilm FinePix Z10fd
1483,Fujifilm FinePix Z100fd
1484,Fujifilm FinePix F50fd
1485,Fujifilm FinePix F480 Zoom
1486,Fujifilm FinePix S8000fd
1487,Kodak EasyShare C513
1488,Panasonic Lumix DMC-FX33
1489,Panasonic Lumix DMC-FX55
1490,Panasonic Lumix DMC-FZ18
1491,Fujifilm FinePix IS Pro
1492,Samsung S85
1493,Samsung L730
1494,Samsung L830
1495,Samsung L83T
1496,Pentax Optio E40
1497,Pentax Optio M40
1498,Casio Exilim EX-S880
1499,Casio Exilim EX-Z77
1500,Kodak EasyShare Z712 IS
1501,Pentax K100D Super
1502,HP Photosmart E337
1503,HP Photosmart Mz67
1504,HP Photosmart R742
1505,HP Photosmart R937
1506,Kodak EasyShare M753
1507,Kodak EasyShare M853
1508,Kodak EasyShare M873
1509,Kodak EasyShare M883
1510,Kodak EasyShare Z1275
1511,Casio Exilim EX-Z1200 SR
1512,Panasonic Lumix DMC-FX100
1513,Sony Cyber-shot DSC-G1
1514,Canon PowerShot SD850 IS (Digital IXUS 950 IS / IXY Digital 810 IS)
1515,Canon PowerShot S5 IS
1516,Sony Cyber-shot DSC-S800
1517,Ricoh Caplio GX100
1518,Kodak EasyShare C763
1519,HP Photosmart M437
1520,HP Photosmart M537
1521,HP Photosmart R837
1522,Kodak EasyShare C613
1523,Kodak EasyShare Z885
1524,Leica C-LUX 2
1525,Nikon D40X
1526,Olympus Stylus 780 (mju 780 Digital)
1527,Olympus E-410 (EVOLT E-410)
1528,Olympus E-510 (EVOLT E-510)
1529,Ricoh Caplio R6
1530,Sony Cyber-shot DSC-T20
1531,Sony Cyber-shot DSC-T100
1532,Sony Cyber-shot DSC-W80
1533,Sony Cyber-shot DSC-W90
1534,Sony Cyber-shot DSC-W200
1535,Sony Cyber-shot DSC-H7
1536,Sony Cyber-shot DSC-H9
1537,Pentax Optio W30
1538,Fujifilm FinePix A820
1539,Fujifilm FinePix A900
1540,FujiFilm FinePix S5700 Zoom (Finepix S700)
1541,Canon EOS-1D Mark III
1542,Canon PowerShot A560
1543,Canon PowerShot A570 IS
1544,Canon PowerShot SD750 (Digital IXUS 75)
1545,Canon PowerShot SD1000 (Digital IXUS 70)
1546,Canon PowerShot TX1
1547,Pentax Optio A30
1548,Nikon Coolpix L10
1549,Nikon Coolpix L11
1550,Nikon Coolpix L12
1551,Nikon Coolpix P5000
1552,Nikon Coolpix S50
1553,Nikon Coolpix S50c
1554,Nikon Coolpix S200
1555,Nikon Coolpix S500
1556,Samsung L77
1557,Samsung S1030
1558,Samsung S830
1559,Ricoh Caplio 500SE
1560,Panasonic Lumix DMC-LS60
1561,Panasonic Lumix DMC-LS75
1562,Panasonic Lumix DMC-LZ6
1563,Panasonic Lumix DMC-LZ7
1564,Panasonic Lumix DMC-FX10
1565,Panasonic Lumix DMC-FX12
1566,Panasonic Lumix DMC-FX30
1567,Panasonic Lumix DMC-TZ2
1568,Panasonic Lumix DMC-TZ3
1569,Panasonic Lumix DMC-FZ8
1570,Casio Exilim EX-Z75
1571,Casio Exilim EX-Z1050
1572,Samsung NV11
1573,Samsung i7
1574,Samsung L74 Wide
1575,Olympus FE-210
1576,Olympus FE-230
1577,Olympus FE-240
1578,Olympus FE-250
1579,Olympus Stylus 760 (mju 760 Digital)
1580,Olympus Stylus 770 SW (mju 770 SW Digital)
1581,Olympus SP-550 UZ
1582,Pentax Optio M30
1583,Pentax Optio T30
1584,Canon PowerShot A450
1585,Canon PowerShot A460
1586,Canon PowerShot A550
1587,Sony Cyber-shot DSC-S650
1588,Sony Cyber-shot DSC-S700
1589,Sony Cyber-shot DSC-W35
1590,Sony Cyber-shot DSC-W55
1591,Casio Exilim EX-V7
1592,Kodak EasyShare C653
1593,Kodak EasyShare V803
1594,Kodak EasyShare V1003
1595,Samsung i70
1596,Samsung S630
1597,Samsung S730
1598,Samsung S850
1599,Samsung L700
1600,Samsung L73
1601,Samsung S1050
1602,Fujifilm FinePix A610
1603,Fujifilm FinePix A800
1604,Fujifilm FinePix IS-1
1605,Fujifilm FinePix F40fd
1606,Pentax Optio E30
1607,Nikon D40
1608,Sigma SD14
1609,Sigma DP1
1610,Fujifilm FinePix S5 Pro
1611,Kodak EasyShare Z710
1612,Fujifilm FinePix F31fd
1613,Samsung GX-10
1614,Canon PowerShot SD40 (Digital IXUS i7 / IXY Digital L4)
1615,Canon PowerShot SD800 IS (Digital IXUS 850 IS / IXY Digital 900 IS)
1616,Canon PowerShot SD900 (Digital IXUS 900 Ti)
1617,Canon PowerShot G7
1618,Leica Digilux 3
1619,Leica D-LUX 3
1620,Leica V-LUX 1
1621,Leica M8
1622,Olympus E-400 (EVOLT E-400)
1623,Pentax Optio E20
1624,Pentax Optio T20
1625,Pentax K10D
1626,Sony Cyber-shot DSC-T50
1627,Sony Cyber-shot DSC-N2
1628,Ricoh Caplio R5
1629,FujiFilm FinePix S9100 (FinePix S9600)
1630,Olympus FE-170
1631,Olympus FE-180
1632,Olympus FE-190
1633,Olympus FE-200
1634,Olympus Stylus 725 SW (mju 725 SW Digital)
1635,Olympus Stylus 730 (mju 730 Digital)
1636,Olympus Stylus 740 (mju 740 Digital)
1637,Olympus Stylus 750 (mju 750 Digital)
1638,Olympus Stylus 1000 (mju 1000 Digital)
1639,Olympus SP-510 UZ
1640,Nikon Coolpix L5
1641,Nikon Coolpix L6
1642,Nikon Coolpix S7c
1643,Nikon Coolpix S9
1644,Nikon Coolpix S10
1645,Canon EOS 400D (EOS Digital Rebel XTi / EOS Kiss Digital X)
1646,Canon PowerShot A630
1647,Canon PowerShot A640
1648,Canon PowerShot A710 IS
1649,Pentax Optio A20
1650,Pentax Optio M20
1651,Nikon D80
1652,Kodak EasyShare V705
1653,Casio Exilim EX-S770
1654,Kodak EasyShare C433
1655,Kodak EasyShare C743
1656,Kodak EasyShare C875
1657,Pentax Optio W20
1658,Sony Cyber-shot DSC-T10
1659,Casio Exilim EX-Z700
1660,Pentax Optio S7
1661,Panasonic Lumix DMC-FX07
1662,Panasonic Lumix DMC-FX50
1663,Panasonic Lumix DMC-FX3
1664,Panasonic Lumix DMC-LX2
1665,Panasonic Lumix DMC-FZ50
1666,Fujifilm FinePix F20 Zoom
1667,FujiFilm FinePix S6000fd (FinePix S6500fd)
1668,Samsung NV3
1669,Samsung NV7 OPS
1670,Samsung NV10
1671,Casio Exilim EX-S600d
1672,Casio Exilim EX-Z70
1673,Kodak EasyShare P712
1674,Sony Alpha DSLR-A100
1675,Nikon D2Xs
1676,Fujifilm FinePix Z3
1677,Ricoh Caplio R40
1678,Pentax K100D
1679,Pentax K110D
1680,Ricoh Caplio 500G
1681,Casio Exilim EX-Z5
1682,Casio Exilim EX-Z1000
1683,Kodak EasyShare V610
1684,Sony Cyber-shot DSC-T30
1685,Leica C-LUX 1
1686,Panasonic Lumix DMC-L1
1687,Sony Cyber-shot DSC-W70
1688,Sony Cyber-shot DSC-W100
1689,Sony Cyber-shot DSC-H2
1690,Sony Cyber-shot DSC-H5
1691,Samsung GX-1L
1692,Ricoh Caplio R4
1693,Ricoh Caplio RR630
1694,Canon PowerShot A420
1695,Canon PowerShot A430
1696,Canon PowerShot A530
1697,Canon PowerShot A540
1698,Canon PowerShot A700
1699,Canon PowerShot SD600 (Digital IXUS 60 / IXY Digital 70)
1700,Canon PowerShot SD630 (Digital IXUS 65 / IXY Digital 80)
1701,Canon PowerShot SD700 IS (Digital IXUS 800 IS / IXY Digital 800 IS)
1702,Canon PowerShot S3 IS
1703,Canon EOS 30D
1704,Casio Exilim EX-Z60
1705,Casio Exilim EX-Z850
1706,Nikon Coolpix L2
1707,Nikon Coolpix L3
1708,Nikon Coolpix L4
1709,Nikon Coolpix P3
1710,Nikon Coolpix P4
1711,Nikon Coolpix S5
1712,Nikon Coolpix S6
1713,Kodak EasyShare C533
1714,Kodak EasyShare C643
1715,Kodak EasyShare Z612
1716,Pentax Optio M10
1717,Pentax Optio T10
1718,Pentax Optio W10
1719,Panasonic Lumix DMC-FX01
1720,Panasonic Lumix DMC-TZ1
1721,Fujifilm FinePix A600 Zoom
1722,Fujifilm FinePix F30 Zoom
1723,Fujifilm FinePix F650 Zoom
1724,Sony Cyber-shot DSC-W30
1725,Sony Cyber-shot DSC-W50
1726,Pentax *ist DL2
1727,Olympus FE-115
1728,Olympus FE-130
1729,Olympus FE-140
1730,Olympus FE-150
1731,Olympus SP-320
1732,Olympus Stylus 700 (mju 700 Digital)
1733,Olympus Stylus 720 SW (mju 720 SW Digital)
1734,Olympus Stylus 810 (mju 810 Digital)
1735,Olympus E-330 (EVOLT E-330)
1736,Panasonic Lumix DMC-FZ7
1737,Samsung GX-1S
1738,Ricoh Caplio R30
1739,Sony Cyber-shot DSC-S600
1740,Fujifilm FinePix V10 Zoom
1741,HP Photosmart M425
1742,HP Photosmart M525
1743,HP Photosmart M527
1744,HP Photosmart E327
1745,HP Photosmart R725
1746,HP Photosmart R727
1747,HP Photosmart R927
1748,Fujifilm FinePix F470 Zoom
1749,Fujifilm FinePix A400 Zoom
1750,Fujifilm FinePix A500 Zoom
1751,Panasonic Lumix DMC-LS2
1752,Panasonic Lumix DMC-LZ3
1753,Panasonic Lumix DMC-LZ5
1754,Pentax Optio E10
1755,Pentax Optio A10
1756,Kodak EasyShare C663
1757,Kodak EasyShare Z650
1758,Samsung Digimax i6
1759,Kodak EasyShare V570
1760,Nikon D200
1761,Sony Cyber-shot DSC-T9
1762,Canon PowerShot SD430 Wireless (Digital IXUS Wireless)
1763,Casio Exilim EX-S600
1764,Fujifilm FinePix Z2
1765,Olympus SP-700
1766,Sony Cyber-shot DSC-N1
1767,Leica D-LUX 2
1768,Fujifilm FinePix F11 Zoom
1769,Olympus E-500 (EVOLT E-500)
1770,Ricoh Caplio RR530
1771,Ricoh GR Digital
1772,Sony Cyber-shot DSC-M2
1773,Sony Cyber-shot DSC-R1
1774,Ricoh Caplio R3
1775,Nikon Coolpix L1
1776,Nikon Coolpix P1
1777,Nikon Coolpix P2
1778,Nikon Coolpix S3
1779,Nikon Coolpix S4
1780,Pentax Optio WPi
1781,Pentax Optio S6
1782,Olympus Stylus 600
1783,Olympus SP-500 UZ
1784,Olympus FE-100 (X-705)
1785,Olympus FE-110 (X-710)
1786,Olympus FE-120 (X-700)
1787,Olympus SP-310
1788,Olympus SP-350
1789,Pentax Optio S60
1790,HP Photosmart E317
1791,Canon PowerShot S80
1792,Canon EOS-1D Mark II N
1793,Canon EOS 5D
1794,Canon PowerShot A410
1795,Canon PowerShot A610
1796,Canon PowerShot A620
1797,Canon PowerShot SD30 (IXY Digital L3 / Digital IXUS i Zoom)
1798,Canon PowerShot SD450 (Digital IXUS 55 / IXY Digital 60)
1799,Canon PowerShot SD550 (Digital IXUS 750 / IXY Digital 700)
1800,Pentax *ist DS2
1801,Konica Minolta DiMAGE Z6
1802,Casio Exilim EX-Z10
1803,Casio Exilim EX-Z110
1804,Casio Exilim EX-Z120
1805,Casio Exilim EX-Z500
1806,Kodak EasyShare P850
1807,Kodak EasyShare P880
1808,Sony Cyber-shot DSC-T5
1809,Fujifilm FinePix E900 Zoom
1810,FujiFilm FinePix S9000 Zoom (FinePix S9500)
1811,FujiFilm FinePix S5200 Zoom (FinePix S5600)
1812,Pentax Optio 60
1813,Panasonic Lumix DMC-FX9
1814,Panasonic Lumix DMC-LX1
1815,Panasonic Lumix DMC-FZ30
1816,Konica Minolta Maxxum 5D (Dynax 5D)
1817,Konica Minolta DiMAGE X1
1818,Casio Exilim EX-S500
1819,Samsung Digimax V800
1820,Samsung Digimax A502
1821,Samsung Digimax A50
1822,Samsung Digimax A55W
1823,Samsung Pro815
1824,Pentax *ist DL
1825,Canon EOS 20Da
1826,HP Photosmart R817
1827,HP Photosmart R818
1828,Samsung Digimax i5
1829,Olympus D-435 (C-180)
1830,Nikon Coolpix S2
1831,Kodak EasyShare V530
1832,Kodak EasyShare V550
1833,Pentax Optio SVi
1834,Olympus Stylus 800
1835,Pentax Optio S5z
1836,Pentax Optio S45
1837,Pentax Optio S55
1838,Panasonic Lumix DMC-FX8
1839,Konica Minolta DiMAGE X60
1840,Kodak EasyShare Z760
1841,Kodak EasyShare C310
1842,Kodak EasyShare C330
1843,Kodak EasyShare C360
1844,HP Photosmart M517
1845,Ricoh Caplio GX8
1846,Canon PowerShot S2 IS
1847,Nikon D50
1848,Nikon D70s
1849,Nikon Coolpix S1
1850,Sony Cyber-shot DSC-T7
1851,Ricoh Caplio R2
1852,Samsung Digimax V700
1853,Kodak EasyShare C300
1854,Kodak EasyShare C340
1855,Kodak EasyShare Z730
1856,Kodak EasyShare Z7590
1857,Sony Cyber-shot DSC-S40
1858,Sony Cyber-shot DSC-S60
1859,Sony Cyber-shot DSC-S90
1860,Sony Cyber-shot DSC-W7
1861,Sony Cyber-shot DSC-H1
1862,HP Photosmart M417
1863,HP Photosmart M22
1864,HP Photosmart M23
1865,HP Photosmart R717
1866,Canon PowerShot SD400 (Digital IXUS 50 / IXY Digital 55)
1867,Canon PowerShot SD500 (Digital IXUS 700 / IXY Digital 600)
1868,Canon EOS 350D (EOS Digital Rebel XT / EOS Kiss Digital N)
1869,Olympus D-545 Zoom (C-480 Zoom)
1870,Olympus D-595 Zoom (C-500 Zoom)
1871,Olympus D-630 Zoom (FE-5500)
1872,Olympus IR-300
1873,Olympus Stylus Verve  S (mju mini Digital S)
1874,Nikon Coolpix 4600
1875,Nikon Coolpix 5600
1876,Nikon Coolpix 7600
1877,Nikon Coolpix 5900
1878,Nikon Coolpix 7900
1879,Nikon D2Hs
1880,Casio Exilim EX-Z57
1881,Casio Exilim EX-Z750
1882,Pentax Optio 50
1883,Pentax Optio S5n
1884,Fujifilm FinePix A345 Zoom
1885,Fujifilm FinePix A350 Zoom
1886,Fujifilm FinePix Z1
1887,Fujifilm FinePix F10 Zoom
1888,Panasonic Lumix DMC-LS1
1889,Panasonic Lumix DMC-LZ1
1890,Panasonic Lumix DMC-LZ2
1891,Panasonic Lumix DMC-FZ4
1892,Panasonic Lumix DMC-FZ5
1893,Sony Cyber-shot DSC-W5
1894,Canon PowerShot A520
1895,Casio Exilim EX-P505
1896,Konica Minolta DiMAGE Z20
1897,Konica Minolta DiMAGE Z5
1898,Canon PowerShot A510
1899,Kodak Easyshare One
1900,Kodak EasyShare Z700
1901,Kodak EasyShare Z740
1902,Sony Cyber-shot DSC-T33
1903,Sony Cyber-shot DSC-P200
1904,Pentax Optio WP
1905,Olympus D-425 (C-170)
1906,Olympus C-5500 Sport Zoom
1907,Olympus C-7070 Wide Zoom
1908,Ricoh Caplio R1V
1909,Ricoh Caplio R1
1910,Casio QV-R62
1911,Olympus Stylus 500
1912,Epson PhotoPC L-500V
1913,Olympus E-300 (EVOLT E-300)
1914,Kodak LS755
1915,Fujifilm FinePix F455 Zoom
1916,Canon PowerShot SD20 (Digital IXUS i5 / IXY Digital L2)
1917,Canon PowerShot SD200 (Digital IXUS 30 / IXY Digital 40)
1918,Canon PowerShot SD300 (Digital IXUS 40 / IXY Digital 50)
1919,Canon EOS-1Ds Mark II
1920,Nikon Coolpix 4800
1921,Nikon Coolpix 8400
1922,Nikon Coolpix 8800
1923,Nikon D2X
1924,Olympus C-7000 Zoom
1925,Olympus D-535 Zoom (C-370 Zoom)
1926,Konica Minolta DiMAGE A200
1927,Konica Minolta Maxxum 7D (Dynax 7D / Alpha-7 Digital)
1928,Pentax Optio SV
1929,Pentax *ist DS
1930,Pentax Optio MX4
1931,Sony Cyber-shot DSC-M1
1932,Olympus Stylus Verve
1933,Sony Cyber-shot DSC-V3
1934,Sony Cyber-shot DSC-L1
1935,Sony Cyber-shot DSC-T3
1936,HP Photosmart M407
1937,HP Photosmart R607
1938,Casio Exilim EX-Z50
1939,Casio Exilim EX-Z55
1940,Casio Exilim EX-S100
1941,Casio Exilim EX-P700
1942,Casio QV-R61
1943,Pentax Optio S5i
1944,Pentax Optio X
1945,Canon EOS 20D
1946,Canon PowerShot A400
1947,Canon PowerShot A95
1948,Canon PowerShot S70
1949,Canon PowerShot G6
1950,Pentax Optio S50
1951,Pentax Optio 750Z
1952,Samsung Digimax U-CA 4
1953,Samsung Digimax V6
1954,Kodak DX7590
1955,HP Photosmart M307
1956,HP Photosmart R507
1957,Fujifilm FinePix E500 Zoom
1958,Fujifilm FinePix E510 Zoom
1959,Fujifilm FinePix E550 Zoom
1960,Fujifilm FinePix F810 Zoom
1961,Fujifilm FinePix S3500 Zoom
1962,FujiFilm FinePix S5100 Zoom (FinePix S5500)
1963,Panasonic Lumix DMC-LC80
1964,Panasonic Lumix DMC-FX2
1965,Panasonic Lumix DMC-FX7
1966,Panasonic Lumix DMC-FZ3
1967,Panasonic Lumix DMC-FZ20
1968,Sony Cyber-shot DSC-P150
1969,Canon PowerShot A85
1970,Epson PhotoPC L-410
1971,Konica Minolta DiMAGE X50
1972,Konica Minolta DiMAGE Z10
1973,Konica Minolta DiMAGE Z3
1974,Fujifilm FinePix F440 Zoom
1975,Fujifilm FinePix F450 Zoom
1976,Konica Minolta DiMAGE X31
1977,Nikon Coolpix 4100
1978,Sanyo Xacti DSC-S3
1979,Sanyo Xacti DSC-S4
1980,Sony Cyber-shot DSC-F88
1981,Canon PowerShot S60
1982,Kodak EasyShare CX7330
1983,Kodak EasyShare CX7530
1984,Kodak DX7440
1985,Sony Cyber-shot DSC-T11
1986,Olympus D-395 (C-160)
1987,Olympus C-60 Zoom
1988,Kodak DCS Pro SLR/c
1989,Konica Minolta DiMAGE G600
1990,Pentax Optio S30
1991,Epson R-D1
1992,Pentax Optio 43WR
1993,Ricoh Caplio RX
1994,Fujifilm FinePix A120
1995,Casio Exilim EX-Z30
1996,Casio Exilim EX-Z40
1997,Fujifilm FinePix F710
1998,Kyocera Finecam SL400R
1999,Kyocera Finecam M400R
2000,Kyocera Finecam M410R
2001,Casio Exilim EX-P600
2002,Panasonic Lumix DMC-LC1
2003,Kodak DCS Pro SLR/n
2004,Konica Minolta DiMAGE Xg
2005,Konica Minolta DiMAGE Z2
2006,Konica Minolta DiMAGE A2
2007,Nikon Coolpix 4200
2008,Nikon Coolpix 5200
2009,Olympus D-540 Zoom (C-310 Zoom)
2010,Olympus D-580 Zoom (C-460 Zoom)
2011,Olympus Stylus 410
2012,Olympus C-8080 Wide Zoom
2013,Olympus C-765 UZ
2014,Olympus C-770 UZ
2015,HP Photosmart R707
2016,Samsung Digimax 530
2017,Samsung Digimax 202
2018,Samsung Digimax 250
2019,Samsung Digimax 301
2020,Samsung Digimax 401
2021,Samsung Digimax 430
2022,Samsung Digimax 370
2023,Samsung Digimax U-CA 401
2024,Samsung Digimax V40
2025,Samsung Digimax V5
2026,Samsung Digimax V50
2027,Sony Cyber-shot DSC-P41
2028,Sony Cyber-shot DSC-P73
2029,Sony Cyber-shot DSC-P93
2030,Sony Cyber-shot DSC-P100
2031,Sony Cyber-shot DSC-W1
2032,Canon PowerShot A310
2033,Canon PowerShot A75
2034,Canon PowerShot S410 (Digital IXUS 430)
2035,Canon PowerShot S500 (Digital IXUS 500 / IXY Digital 500)
2036,Canon PowerShot SD110 (Digital IXUS IIs / IXY Digital 30a)
2037,Canon PowerShot S1 IS
2038,Canon PowerShot Pro1
2039,Fujifilm FinePix A330
2040,Fujifilm FinePix A340
2041,Fujifilm FinePix S20 Pro
2042,Fujifilm FinePix S3 Pro
2043,Kodak EasyShare CX7220
2044,Kodak EasyShare CX7300
2045,Kodak EasyShare CX7430
2046,Kodak DX7630
2047,Pentax Optio S4i
2048,Pentax Optio S40
2049,Casio QV-R41
2050,Canon EOS-1D Mark II
2051,Nikon Coolpix 8700
2052,Nikon D70
2053,Panasonic Lumix DMC-LC70
2054,Panasonic Lumix DMC-LC50
2055,Nikon Coolpix 2200
2056,Nikon Coolpix 3200
2057,Casio QV-R51
2058,Kodak LS743
2059,Kodak LS753
2060,Leica Digilux 2
2061,Fujifilm FinePix F610
2062,Kyocera Finecam S3R
2063,Nikon Coolpix 3700
2064,Sigma SD10
2065,Sony Cyber-shot DSC-U40
2066,Sony Cyber-shot DSC-T1
2067,Fujifilm FinePix F420 Zoom
2068,Kyocera Finecam L30
2069,Minolta DiMAGE G400
2070,Panasonic Lumix DMC-FX1
2071,Panasonic Lumix DMC-FX5
2072,Panasonic Lumix DMC-FZ10
2073,Olympus C-5060 Wide Zoom
2074,Pentax Optio 33LF
2075,Toshiba PDR-5300
2076,Kyocera Finecam SL300R
2077,Canon PowerShot SD10 (Digital IXUS i / IXY Digital L)
2078,Samsung Digimax U-CA 3
2079,Pentax Optio 33WR
2080,Pentax Optio S4
2081,Pentax Optio 555
2082,Olympus C-5000 Zoom
2083,Casio Exilim EX-Z4
2084,Casio Exilim EX-S20
2085,Fujifilm FinePix S3000 Z
2086,Sanyo DSC-S1
2087,Canon EOS 300D (EOS Digital Rebel / EOS Kiss Digital)
2088,Canon PowerShot A80
2089,Kodak DX6490
2090,Sony Cyber-shot DSC-U50
2091,Sony Cyber-shot DSC-F828
2092,Panasonic Lumix DMC-FZ2
2093,Panasonic Lumix DMC-LC33
2094,Panasonic Lumix DMC-LC43
2095,HP Photosmart 435
2096,HP Photosmart 635
2097,HP Photosmart 945
2098,Kyocera Finecam S5R
2099,Minolta DiMAGE G500
2100,Minolta DiMAGE E323
2101,Minolta DiMAGE Z1
2102,Minolta DiMAGE A1
2103,Kodak DX4530
2104,FujiFilm FinePix A205 Zoom (FinePix A205s)
2105,Fujifilm FinePix S7000 Zoom
2106,Fujifilm FinePix S5000 Zoom
2107,Casio QV-R40
2108,Nikon D2H
2109,Minolta DiMAGE X20
2110,Olympus E-1
2111,Konica KD-510 Zoom
2112,Kodak EasyShare CX6200
2113,Kodak EasyShare CX6230
2114,Kodak EasyShare CX6330
2115,Kodak DX6440
2116,Canon PowerShot G5
2117,Nikon Coolpix 5400
2118,Sony Cyber-shot DSC-U30
2119,Sony Cyber-shot DSC-U60
2120,Fujifilm FinePix A210 Zoom
2121,Canon PowerShot SD100 (Digital IXUS II / IXY Digital 30)
2122,Epson PhotoPC L-300
2123,Epson PhotoPC L-400
2124,Fujifilm FinePix A310 Zoom
2125,HP Photosmart 735
2126,HP Photosmart 935
2127,Casio Exilim EX-S3
2128,Kodak LS633
2129,Minolta DiMAGE E223
2130,Minolta DiMAGE F200
2131,Kyocera Finecam L3V
2132,Kyocera Finecam L4V
2133,Toshiba PDR-4300
2134,Olympus D-390 (C-150)
2135,Olympus D-560 Zoom (C-350 Zoom)
2136,Olympus C-740 UZ
2137,Olympus C-750 UZ
2138,Minolta DiMAGE Xt
2139,Kodak DX6340
2140,Canon PowerShot S50
2141,Canon EOS 10D
2142,Canon PowerShot A300
2143,Canon PowerShot A60
2144,Canon PowerShot A70
2145,Canon PowerShot S400 (Digital IXUS 400)
2146,Pentax *ist D
2147,Sony Mavica CD350
2148,Sony Mavica CD500
2149,Sony Cyber-shot DSC-P32
2150,Sony Cyber-shot DSC-P52
2151,Sony Cyber-shot DSC-P72
2152,Sony Cyber-shot DSC-P92
2153,Sony Cyber-shot DSC-P8
2154,Sony Cyber-shot DSC-P10
2155,Sony Cyber-shot DSC-V1
2156,Fujifilm FinePix F410 Zoom
2157,Fujifilm FinePix F700
2158,Nikon Coolpix 2100
2159,Nikon Coolpix 3100
2160,Nikon Coolpix SQ
2161,Pentax Optio 450
2162,Pentax Optio 550
2163,Pentax Optio 33L
2164,Ricoh Caplio G3
2165,Sanyo DSC-J1
2166,Samsung Digimax V4
2167,Minolta DiMAGE S414
2168,Casio Exilim EX-Z3
2169,Olympus Stylus 300
2170,Olympus Stylus 400
2171,Pentax Optio S
2172,Minolta DiMAGE F300
2173,Fujifilm FinePix S602Z Pro
2174,Contax TVS Digital
2175,Panasonic Lumix DMC-FZ1
2176,Konica KD-500 Zoom
2177,Kyocera Finecam S3L
2178,Kyocera Finecam S5
2179,Fujifilm FinePix M603
2180,Kodak EasyShare CX4300
2181,Canon EOS-1Ds
2182,Olympus C-50 Zoom
2183,Sony Cyber-shot DSC-U20
2184,Kodak LS443
2185,Kodak DCS Pro 14n
2186,Minolta DiMAGE Xi
2187,Fujifilm FinePix F402
2188,Canon PowerShot G3
2189,Nikon Coolpix 3500
2190,Pentax Optio 330GS
2191,Casio QV-5700
2192,Canon PowerShot S230 (Digital IXUS v3)
2193,Canon PowerShot S45
2194,Olympus C-730 UZ
2195,Minolta DiMAGE 7Hi
2196,HP Photosmart 850
2197,Sony Cyber-shot DSC-F717
2198,Nikon Coolpix 4300
2199,Olympus C-5050 Zoom
2200,Kodak EasyShare CX4200
2201,Kodak DX4330
2202,FujiFilm FinePix A200 (FinePix A202)
2203,FujiFilm FinePix 2650 (FinePix A204)
2204,Fujifilm FinePix A203
2205,Fujifilm FinePix A303
2206,FujiFilm FinePix 3800 (FinePix S304)
2207,HP Photosmart 320
2208,HP Photosmart 620
2209,HP Photosmart 720
2210,Sony Cyber-shot DSC-U10
2211,Olympus C-4000 Zoom
2212,Casio QV-R3
2213,Casio QV-R4
2214,Casio GV-20
2215,Canon PowerShot A200
2216,Pentax Optio 330RS
2217,Pentax Optio 430RS
2218,Fujifilm FinePix F401 Zoom
2219,Nikon Coolpix 4500
2220,Nikon Coolpix 2000
2221,Nikon Coolpix 5700
2222,Sony Cyber-shot DSC-P2
2223,Sony Cyber-shot DSC-P7
2224,Kodak EasyShare CX4230
2225,Olympus C-300 Zoom
2226,Olympus C-720 UZ
2227,Kodak LS420
2228,Minolta DiMAGE F100
2229,Minolta DiMAGE 7i
2230,Olympus D-380 (C-120)
2231,Olympus D-520 Zoom (C-220 Zoom)
2232,Canon PowerShot S200 (Digital IXUS v2)
2233,Canon PowerShot S330 (Digital IXUS 330)
2234,Sony Cyber-shot DSC-P9
2235,Samsung Digimax 230
2236,Samsung Digimax 350SE
2237,Samsung Digimax 410
2238,Konica KD-400 Zoom
2239,Leica Digilux 1
2240,Toshiba PDR-T10
2241,Toshiba PDR-3310
2242,Toshiba PDR-3330
2243,Pentax Optio 230
2244,Canon PowerShot A100
2245,Canon EOS D60
2246,Canon PowerShot A30
2247,Canon PowerShot A40
2248,Kodak DX4900
2249,Nikon D100
2250,Nikon Coolpix 2500
2251,Kyocera Finecam S3x
2252,Kyocera Finecam S4
2253,Sony Mavica CD250
2254,Sony Mavica CD400
2255,Sony Cyber-shot DSC-P31
2256,Sony Cyber-shot DSC-P51
2257,Sony Cyber-shot DSC-P71
2258,Sigma SD9
2259,Fujifilm FinePix F601 Zoom
2260,Fujifilm FinePix S602 Zoom
2261,Fujifilm FinePix S2 Pro
2262,Panasonic Lumix DMC-LC20
2263,Panasonic Lumix DMC-LC40
2264,HP Photosmart 812
2265,Minolta DiMAGE S404
2266,Minolta DiMAGE X
2267,Sony Mavica FD-100
2268,Sony Mavica FD-200
2269,Samsung Digimax 130
2270,Ricoh Caplio RR1
2271,Toshiba PDR-M25
2272,Fujifilm Finepix 30i
2273,Casio QV-2100
2274,Olympus C-3020 Zoom
2275,Casio GV-10
2276,Canon PowerShot S30
2277,Canon PowerShot S40
2278,HP Photosmart 715
2279,Sanyo DSC-AZ1
2280,Pentax Optio 430
2281,Canon EOS-1D
2282,Nikon Coolpix 5000
2283,Panasonic Lumix DMC-LC5
2284,Panasonic Lumix DMC-F7
2285,Olympus C-2
2286,Olympus E-20
2287,Fujifilm FinePix 2800 Zoom
2288,Minolta DiMAGE E203
2289,Olympus D-40 Zoom (C-40 Zoom)
2290,Toshiba PDR-M71
2291,Nikon Coolpix 885
2292,Fujifilm FinePix A101
2293,Fujifilm FinePix A201
2294,Fujifilm FinePix 2600 Zoom
2295,Sony Cyber-shot DSC-F707
2296,Sony Cyber-shot DSC-P3
2297,Sony Cyber-shot DSC-P5
2298,Canon PowerShot G2
2299,Kodak DX3215
2300,Kodak DX3700
2301,Kodak DX3900
2302,Casio QV-4000
2303,Olympus C-4040 Zoom
2304,Sony Cyber-shot DSC-P20
2305,Sony Cyber-shot DSC-S85
2306,Olympus D-370 (C-100)
2307,Kodak DCS720x
2308,Pentax EI-100
2309,Sanyo DSC-MZ1
2310,Pentax Optio 330
2311,Konica KD-200 Zoom
2312,Konica KD-300 Zoom
2313,Fujifilm FinePix 50i
2314,Toshiba PDR-M81
2315,Minolta DiMAGE E201
2316,Casio QV-2400UX
2317,Casio QV-2900UX
2318,Canon PowerShot S110 (Digital IXUS V)
2319,Olympus D-510 Zoom (C-200 Zoom)
2320,Olympus D-150Z (C-1Z)
2321,Nikon Coolpix 775
2322,Nikon Coolpix 995
2323,Kodak DX3500
2324,Kodak DX3600
2325,Ricoh RDC-i500
2326,Kodak DCS760
2327,Fujifilm FinePix 6900 Zoom
2328,Olympus C-700 UZ
2329,Kyocera Finecam S3 / Yashica Finecam S3
2330,Agfa ePhoto CL45
2331,Olympus C-1 (D-100)
2332,Epson PhotoPC 3100 Zoom / Epson C920Z
2333,Sony Mavica CD200
2334,Sony Mavica CD300
2335,Kodak mc3
2336,Minolta DiMAGE S304
2337,Minolta DiMAGE 5
2338,Minolta DiMAGE 7
2339,Casio QV-3500EX
2340,Canon PowerShot A10
2341,Canon PowerShot A20
2342,Canon PowerShot S300 (Digital IXUS 300)
2343,Konica e-mini
2344,Konica e-mini D
2345,Konica e-mini M
2346,Sony Mavica FD-75
2347,Sony Mavica FD-87
2348,Sony Mavica FD-92
2349,Sony Mavica FD-97
2350,Sony Cyber-shot DSC-P30
2351,Sony Cyber-shot DSC-P50
2352,Sony Cyber-shot DSC-S75
2353,Toshiba PDR-M11
2354,Toshiba PDR-M21
2355,Toshiba PDR-M61
2356,Toshiba PDR-M65
2357,Nikon D1X
2358,Nikon D1H
2359,Fujifilm FinePix 2300
2360,Fujifilm FinePix 4800 Zoom
2361,Fujifilm FinePix 6800 Zoom
2362,Canon PowerShot Pro90 IS
2363,Olympus C-2040 Zoom
2364,Olympus C-3040 Zoom
2365,Kodak DC3200
2366,Minolta DiMAGE 2330
2367,HP Photosmart C215
2368,HP Photosmart C315
2369,Canon PowerShot G1
2370,Sony Cyber-shot DSC-P1
2371,Ricoh RDC-i700
2372,Fujifilm FinePix 1300
2373,Fujifilm FinePix 2400 Zoom
2374,Leica Digilux 4.3
2375,Nikon Coolpix 880
2376,Kodak DC3800
2377,Olympus E-100 RS
2378,Olympus E-10
2379,Kodak DC3400
2380,Olympus D-490 Zoom (C990Z)
2381,Fujifilm FinePix 4900 Zoom
2382,Contax N Digital
2383,Kyocera Finecam 3300 / Yashica Finecam 3300
2384,Ricoh RDC-200G
2385,Minolta DiMAGE 2300
2386,Casio QV-2300UX
2387,Casio QV-2800UX
2388,Olympus C-2100 UZ
2389,Sony Mavica CD1000
2390,Kodak DC4800
2391,Kodak DC5000
2392,Fujifilm FinePix 40i
2393,Canon EOS D30
2394,Canon PowerShot S100 (2000) (Digital IXUS)
2395,Kodak DCS620x
2396,Epson PhotoPC 3000 Zoom / Epson C900Z
2397,Sony Cyber-shot DSC-F55V
2398,Sony Cyber-shot DSC-F505V
2399,Olympus C-3000 Zoom
2400,Agfa ePhoto CL18
2401,Ricoh RDC-6000
2402,Ricoh RDC-7
2403,Casio QV-3EX (XV-3)
2404,Olympus D-460 Zoom
2405,Leica Digilux Zoom
2406,HP Photosmart C618
2407,HP Photosmart C912
2408,Sony Mavica FD-85
2409,Sony Mavica FD-90
2410,Pentax EI-200
2411,Pentax EI-2000
2412,Toshiba PDR-M60
2413,Sony Cyber-shot DSC-S30
2414,Sony Cyber-shot DSC-S50
2415,Sony Cyber-shot DSC-S70
2416,Sony Mavica FD-95
2417,Olympus D-360L
2418,FujiFilm MX-1400 (FinePix 1400 Zoom)
2419,Fujifilm FinePix 4700 Zoom
2420,Fujifilm FinePix S1 Pro
2421,Nikon Coolpix 990
2422,Olympus C-3030 Zoom
2423,Toshiba PDR-M70
2424,Canon PowerShot S20
2425,Casio QV-3000EX
2426,Fujifilm DS-260HD
2427,Olympus C-2020 Zoom
2428,Ricoh RDC-5300
2429,HP Photosmart C200
2430,HP Photosmart C500
2431,Nikon Coolpix 800
2432,Agfa ePhoto CL30 Clik!
2433,Minolta RD-3000
2434,FujiFilm MX-1200 (Finepix 1200)
2435,Toshiba PDR-M5
2436,Epson PhotoPC 850 Zoom
2437,Canon PowerShot S10
2438,FujiFilm MX-1700 (FinePix 1700 Zoom)
2439,Sony Cyber-shot DSC-F505
2440,Kodak DC290
2441,Kodak DC215
2442,Olympus D-450 Zoom (C920Z)
2443,Kodak DCS330
2444,Casio QV-5500SX
2445,Casio QV-8000SX
2446,Casio QV-2000UX
2447,Epson PhotoPC 650
2448,Sony Cyber-shot DSC-D770
2449,Olympus C-21
2450,Kodak DC280
2451,Kodak DCS660
2452,Nikon D1
2453,FujiFilm MX-1500 (Finepix 1500)
2454,FujiFilm MX-2900 Zoom (Finepix 2900Z)
2455,Epson PhotoPC 800
2456,Canon PowerShot A50
2457,Olympus C-2500 L
2458,Sony Mavica FD-73
2459,Sony Mavica FD-83
2460,Sony Mavica FD-88
2461,Agfa ePhoto CL30
2462,Agfa ePhoto CL50
2463,Kodak DC200 plus
2464,Kodak DC240
2465,Kodak DC265
2466,Sony Cyber-shot DSC-F55
2467,Toshiba PDR-M4
2468,Canon PowerShot A5 Zoom
2469,Ricoh RDC-5000
2470,Olympus C-2000 Zoom
2471,Nikon Coolpix 700
2472,Nikon Coolpix 950
2473,Fujifilm MX-600 Zoom
2474,FujiFilm MX-2700 (Finepix 2700)
2475,Kodak DCS620
2476,Sanyo VPC-X350 / Sanyo DSC-V100 / X100
2477,Sanyo VPC-Z400 / Sanyo DSC-SX1Z
2478,Toshiba PDR-M3
2479,Olympus D-340R
2480,Sony Mavica FD-91
2481,Sony Mavica FD-81
2482,Kodak DC210 plus
2483,Epson PhotoPC 750 Zoom
2484,Olympus D-400 Zoom (C900Z)
2485,Olympus D-620L (C1400XL)
2486,Nikon Coolpix 900S
2487,HP Photosmart C30
2488,Olympus D-340L
2489,Sony Cyber-shot DSC-D700
2490,Fujifilm MX-500
2491,Leica Digilux
2492,Kodak DCS560 / Canon D6000
2493,Minolta DiMAGE EX 1500 Zoom
2494,Minolta DiMAGE EX 1500 Wide
2495,Casio QV-7000SX
2496,Minolta DiMAGE V
2497,Sony Mavica FD-71
2498,Kodak DCS315
2499,Epson PhotoPC 700
2500,Ricoh RDC-4300
2501,Toshiba PDR-M1
2502,Kodak DC220
2503,Kodak DC260
2504,Agfa ePhoto 1680
2505,Casio QV-5000SX
2506,Canon PowerShot A5
2507,Canon PowerShot Pro70
2508,Nikon Coolpix 600
2509,Nikon Coolpix 900
2510,Casio QV-770
2511,HP Photosmart C20
2512,FujiFilm MX-700 (FinePix 700)
2513,Kodak DCS520 / Canon D2000
2514,Kodak DC200
2515,Epson PhotoPC 550
2516,Agfa ePhoto 1280
2517,Olympus D-500L
2518,Olympus D-600L
2519,Casio QV-700
2520,Epson PhotoPC 600
2521,Fujifilm DS-300
2522,Canon PowerShot 350
2523,Epson PhotoPC 500
2524,Nikon Coolpix 100
2525,Nikon Coolpix 300
2526,Casio QV-300
2527,Olympus D-200L
2528,Olympus D-300L
2529,Canon PowerShot 600
2530,Kodak DCS460
2531,Kodak DCS420
2532,Holga 120FN Medium Format Plastic Camera with Flash
2533,Holga 120N Medium Format Plastic Camera
2534,Ricoh WG-80
2535,Sony Alpha a3500
