text,labels
Bosch 347 L Frost Free Double Door 3 Star Refrigerator KDN43VL40I,B-br O O O O O O O O O B-mo
Bosch 415 L Frost Free Double Door 3 Star Refrigerator KGN46XL40I,B-br O O O O O O O O O B-mo
Bosch 332 L Frost Free Triple Door 3 Star Refrigerator CMC33S05NI,B-br O O O O O O O O O B-mo
Bosch 658 L Frost Free Side by Side 3 Star Refrigerator KAN92VS30I,B-br O O O O O O O O O O B-mo
Bosch 658 L Frost Free Side by Side 5 Star Refrigerator KAN92VI35I,B-br O O O O O O O O O O B-mo
Bosch 599 L Frost Free Double Door 2 Star Refrigerator KGN56LB41I,B-br O O O O O O O O O B-mo
Bosch 636 L Frost Free Side by Side 3 Star Refrigerator KAD92SB30,B-br O O O O O O O O O O B-mo
Bosch 263 L Frost Free Double Door Top Mount 3 Star Refrigerator CTC27S03EI,B-br O O O O O O O O O O O B-mo
Bosch 290 L Frost Free Double Door Top Mount 3 Star Refrigerator CTC29BT3NI,B-br O O O O O O O O O O O B-mo
Bosch 501 L Frost Free Double Door 2 Star Refrigerator KDD56XI30I,B-br O O O O O O O O O B-mo
Bosch 507 L Frost Free Double Door 2 Star Refrigerator KDN56XI30I,B-br O O O O O O O O O B-mo
Bosch 655 L Frost Free Side by Side 5 Star Refrigerator KAN92LB35I,B-br O O O O O O O O O O B-mo
Bosch 347 L Frost Free Double Door 3 Star Refrigerator KDN43VD40I,B-br O O O O O O O O O B-mo
Bosch 347 L Frost Free Double Door 3 Star Refrigerator KDN43VL30I,B-br O O O O O O O O O B-mo
Bosch 347 L Frost Free Double Door 3 Star Refrigerator KDN43VV30I,B-br O O O O O O O O O B-mo
Bosch 288 L Frost Free Double Door 3 Star Refrigerator KDN30VL30I,B-br O O O O O O O O O B-mo
Bosch 288 L Frost Free Double Door 3 Star Refrigerator KDN30VU30I,B-br O O O O O O O O O B-mo
Bosch 347 L Frost Free Double Door 4 Star Refrigerator KDN43VB40I,B-br O O O O O O O O O B-mo
Bosch 350 L Frost Free Double Door 3 Star Refrigerator KDN43VR30I,B-br O O O O O O O O O B-mo
Bosch 327 L Frost Free Double Door 3 Star Refrigerator KDN42UL30I,B-br O O O O O O O O O B-mo
Bosch 330 L Frost Free Double Door 2 Star Refrigerator KDN42VL30I,B-br O O O O O O O O O B-mo
Bosch 505 L Frost Free Double Door 2 Star Refrigerator KGN57AI40I,B-br O O O O O O O O O B-mo
Bosch 618 L Frost Free Side by Side 2 Star Refrigerator KAN56V40NE,B-br O O O O O O O O O O B-mo
Bosch 401 L Frost Free Double Door 2 Star Refrigerator KDN46XI30I,B-br O O O O O O O O O B-mo
Bosch 330 L Frost Free Double Door 2 Star Refrigerator KDN42VD30I,B-br O O O O O O O O O B-mo
Bosch 288 L Frost Free Double Door 3 Star Refrigerator KDN30UL30I,B-br O O O O O O O O O B-mo
Bosch 401 L Frost Free Double Door 2 Star Refrigerator KDD46XI30I,B-br O O O O O O O O O B-mo
Bosch 454 L Frost Free Double Door 2 Star Refrigerator KDN53XI30I,B-br O O O O O O O O O B-mo
Bosch 288 L Frost Free Double Door 3 Star Refrigerator KDN30VN30I,B-br O O O O O O O O O B-mo
Bosch 327 L Frost Free Double Door 3 Star Refrigerator KDN42UB30I,B-br O O O O O O O O O B-mo
BPL 95 L Direct Cool Single Door 1 Star Refrigerator BRC 1100BPMR,B-br O O O O O O O O O B-mo I-mo
Croma 170 L Direct Cool Single Door 2 Star Refrigerator CRAR0215,B-br O O O O O O O O O B-mo
Croma 270 L Frost Free Double Door 2 Star Refrigerator CRLR272FFC259601,B-br O O O O O O O O O B-mo
Croma 307 L Frost Free Double Door 3 Star Refrigerator CRLR310FFD259607,B-br O O O O O O O O O B-mo
Croma 279 L Frost Free Double Door 2 Star Refrigerator CRLR280FFC259602,B-br O O O O O O O O O B-mo
Croma 307 L Frost Free Double Door 2 Star Refrigerator CRLR310FFC259603,B-br O O O O O O O O O B-mo
Croma 259 L Frost Free Double Door 3 Star Refrigerator CRLR260FFD259606,B-br O O O O O O O O O B-mo
Croma 50 L Direct Cool Single Door 1 Star Refrigerator CRAR0218,B-br O O O O O O O O O B-mo
Croma 347 L Frost Free Double Door 2 Star Refrigerator CRAR2404,B-br O O O O O O O O O B-mo
Croma 310 L Frost Free Double Door 2 Star Refrigerator CRAR2403,B-br O O O O O O O O O B-mo
Croma 225 L Direct Cool Single Door 2 Star Refrigerator CRAR0214,B-br O O O O O O O O O B-mo
Croma 584 L Frost Free Side by Side 3 Star Refrigerator CRAR2601,B-br O O O O O O O O O O B-mo
Croma 592 L Frost Free Side by Side 3 Star Refrigerator CRAR2621,B-br O O O O O O O O O O B-mo
Croma 263 L Frost Free Double Door 2 Star Refrigerator CRAR2522,B-br O O O O O O O O O B-mo
Croma 541 L Frost Free Double Door 2 Star Refrigerator CRAR2525,B-br O O O O O O O O O B-mo
Croma 170 L Direct Cool Single Door 2 Star Refrigerator CRLRFC403sD170,B-br O O O O O O O O O B-mo
Croma 170 L Direct Cool Single Door 3 Star Refrigerator CRAC0211,B-br O O O O O O O O O B-mo
Croma 270 L Frost Free Double Door 3 Star Refrigerator CRAR2386,B-br O O O O O O O O O B-mo
Croma 190 L Direct Cool Single Door 3 Star Refrigerator CRAR0212,B-br O O O O O O O O O B-mo
Croma 225 L Direct Cool Single Door 2 Star Refrigerator CRAR0213,B-br O O O O O O O O O B-mo
Croma 92 L Direct Cool Single Door 1 Star Refrigerator CRLRFC402sD100,B-br O O O O O O O O O B-mo
Croma 170 L Direct Cool Single Door 4 Star Refrigerator CRAR0208,B-br O O O O O O O O O B-mo
Croma 170 L Direct Cool Single Door 3 Star Refrigerator CRAR0211,B-br O O O O O O O O O B-mo
Croma 310 L Frost Free Double Door 3 Star Refrigerator CRAR2401,B-br O O O O O O O O O B-mo
Croma 335 L Frost Free Double Door 3 Star Refrigerator CRAR2402,B-br O O O O O O O O O B-mo
Croma 435 L Frost Free Double Door 1 Star Refrigerator CRAR2523,B-br O O O O O O O O O B-mo
Electrolux 470 L Frost Free Double Door 2 Star Refrigerator ETB4702AA,B-br O O O O O O O O O B-mo
Electrolux 190 L Direct Cool Single Door 3 Star Refrigerator EN205PTSV,B-br O O O O O O O O O B-mo
Electrolux 80 L Direct Cool Single Door 1 Star Refrigerator HEC091PSH,B-br O O O O O O O O O B-mo
Electrolux 47 L Direct Cool Single Door 2 Star Refrigerator EC060PSH,B-br O O O O O O O O O B-mo
Electrolux 190 L Direct Cool Single Door 3 Star Refrigerator EB203EBR,B-br O O O O O O O O O B-mo
Electrolux 370 L Frost Free Triple Door Refrigerator EME3700MG,B-br O O O O O O O B-mo
Electrolux 524 L Frost Free French Door Refrigerator EHE5200SA,B-br O O O O O O O B-mo
Electrolux 235 L Frost Free Double Door 2 Star Refrigerator REF EP242LSVHFB,B-br O O O O O O O O O B-mo I-mo
Electrolux 190 L Frost Free Double Door 2 Star Refrigerator REF EP202LSVHFB,B-br O O O O O O O O O B-mo I-mo
Electrolux 215 L Direct Cool Single Door 3 Star Refrigerator Euro Neo EN225PTSV,B-br O O O O O O O O O B-mo I-mo I-mo
Electrolux 190 L Direct Cool Single Door 3 Star Refrigerator REF EC203PTBRHDB,B-br O O O O O O O O O B-mo I-mo
Electrolux 235 L Frost Free Double Door 2 Star Refrigerator EP242LMD,B-br O O O O O O O O O B-mo
Electrolux 170 L Direct Cool Single Door 2 Star Refrigerator EB183P,B-br O O O O O O O O O B-mo
Electrolux 215 L Direct Cool Single Door 5 Star Refrigerator EN225PTSH,B-br O O O O O O O O O B-mo
Electrolux 80 L Direct Cool Single Door 1 Star Refrigerator EC091PNSH,B-br O O O O O O O O O B-mo
Electrolux 245 L Direct Cool Single Door 3 Star Refrigerator EN255LSCSV,B-br O O O O O O O O O B-mo
Electrolux 150 L Direct Cool Single Door 1 Star Refrigerator EJ163PT,B-br O O O O O O O O O B-mo
Electrolux 235 L Frost Free Double Door 2 Star Refrigerator REF EP242LMDHFB,B-br O O O O O O O O O B-mo I-mo
Electrolux 190 L Direct Cool Single Door 2 Star Refrigerator REF EBP203KSFDA,B-br O O O O O O O O O B-mo I-mo
Electrolux 170 L Direct Cool Single Door 3 Star Refrigerator REF EB183EBRHDA,B-br O O O O O O O O O B-mo I-mo
Electrolux 80 L Direct Cool Single Door 1 Star Refrigerator EC090PSH,B-br O O O O O O O O O B-mo
Electrolux 150 L Direct Cool Single Door 3 Star Refrigerator EBP163,B-br O O O O O O O O O B-mo
GEM 180 L Direct Cool Single Door 2 Star Refrigerator DC 1902,B-br O O O O O O O O O B-mo I-mo
Godrej 260 L Frost Free Double Door Top Mount 3 Star Refrigerator RF EON 260C 35 RCIF,B-br O O O O O O O O O O O B-mo I-mo I-mo I-mo I-mo
Godrej 185 L Direct Cool Single Door 2 Star Refrigerator RD EDGE 200B,B-br O O O O O O O O O B-mo I-mo I-mo
Godrej 244 L Frost Free Double Door 3 Star Refrigerator RF EON 244C 35 RCIF,B-br O O O O O O O O O B-mo I-mo I-mo I-mo I-mo
Godrej 185 L Direct Cool Single Door 3 Star Refrigerator RD 1853 PM 3.2,B-br O O O O O O O O O B-mo I-mo I-mo I-mo
Godrej 190 L Direct Cool Single Door 5 Star Refrigerator RD 1905 PTDI 53,B-br O O O O O O O O O B-mo I-mo I-mo I-mo
Godrej 99 L Direct Cool Single Door 2 Star Refrigerator RD CHAMP 114B,B-br O O O O O O O O O B-mo I-mo I-mo
Godrej 255 L Frost Free Double Door 2 Star Refrigerator RF EON 255B 25 HI,B-br O O O O O O O O O B-mo I-mo I-mo I-mo I-mo
Godrej 185 L Direct Cool Single Door 2 Star Refrigerator RD EDGE 200B 23 WRF PL PR,B-br O O O O O O O O O B-mo I-mo I-mo I-mo I-mo I-mo I-mo
Godrej 190 L Direct Cool Single Door 5 Star Refrigerator RD EDGEPRO 205 TAI 5.2,B-br O O O O O O O O O B-mo I-mo I-mo I-mo I-mo
Godrej 231 L Frost Free Double Door 1 Star Refrigerator RF EON 245A 15 HF,B-br O O O O O O O O O B-mo I-mo I-mo I-mo I-mo
Godrej 190 L Direct Cool Single Door 4 Star Refrigerator RD EDGEPRO 205D 43 TAI,B-br O O O O O O O O O B-mo I-mo I-mo I-mo I-mo
Godrej 190 L Direct Cool Single Door 4 Star Refrigerator RD 1904 PTI 43 SI ST,B-br O O O O O O O O O B-mo I-mo I-mo I-mo I-mo I-mo
Godrej 210 L Direct Cool Single Door 3 Star Refrigerator RD EDGEPRO 225C 33 TAF,B-br O O O O O O O O O B-mo I-mo I-mo I-mo I-mo
Godrej 190 L Direct Cool Single Door 3 Star Refrigerator RD EDGE 205C 33 TAI,B-br O O O O O O O O O B-mo I-mo I-mo I-mo I-mo
Godrej 190 L Direct Cool Single Door 5 Star Refrigerator RD 1905 PTI 53 SI ST,B-br O O O O O O O O O B-mo I-mo I-mo I-mo I-mo I-mo
Godrej 190 L Direct Cool Single Door 4 Star Refrigerator RD 1904 PTDI 43 DI,B-br O O O O O O O O O B-mo I-mo I-mo I-mo I-mo
Godrej 253 L Frost Free Double Door 2 Star Refrigerator RT EONALPHA 270B 25 RI JD WN,B-br O O O O O O O O O B-mo I-mo I-mo I-mo I-mo I-mo I-mo
Godrej 215 L Direct Cool Single Door 5 Star Refrigerator RD UNO 2155 PTDI,B-br O O O O O O O O O B-mo I-mo I-mo I-mo
Godrej 470 L Frost Free Double Door 3 Star Refrigerator RT EON VESTA 485MDI3.4,B-br O O O O O O O O O B-mo I-mo I-mo I-mo
Godrej 251 L Direct Cool Single Door 3 Star Refrigerator RD EDGESX 266C 33 TAI GL WN,B-br O O O O O O O O O B-mo I-mo I-mo I-mo I-mo I-mo I-mo
Godrej 200 L Direct Cool Single Door 3 Star Refrigerator RD EDGE 215C 33 TAI,B-br O O O O O O O O O B-mo I-mo I-mo I-mo I-mo
Godrej 192 L Direct Cool Single Door 2 Star Refrigerator RD EDGERIO 207B 23 TRF,B-br O O O O O O O O O B-mo I-mo I-mo I-mo I-mo
Godrej 190 L Direct Cool Single Door 3 Star Refrigerator RD 1903 PTD 33,B-br O O O O O O O O O B-mo I-mo I-mo I-mo
Godrej 200 L Direct Cool Single Door 4 Star Refrigerator RD EDGE 215D 43 TDI,B-br O O O O O O O O O B-mo I-mo I-mo I-mo I-mo
Godrej 210 L Direct Cool Single Door 4 Star Refrigerator RD EDGEPRO 225D 43 TAI,B-br O O O O O O O O O B-mo I-mo I-mo I-mo I-mo
Godrej 190 L Direct Cool Single Door 5 Star Refrigerator RD EPRO 205 TDI 5.2,B-br O O O O O O O O O B-mo I-mo I-mo I-mo I-mo
Godrej 430 L Frost Free Double Door Bottom Mount 3 Star Refrigerator RB NXW AURA 445MDI 3.4,B-br O O O O O O O O O O O B-mo I-mo I-mo I-mo I-mo
Godrej 564 L Frost Free Side by Side Refrigerator RS Eonvelvet 579 RFD PL ST,B-br O O O O O O O O B-mo I-mo I-mo I-mo I-mo I-mo
Godrej 190 L Direct Cool Single Door 4 Star Refrigerator RD EDGEPRO 205D 43 TAI JW WN,B-br O O O O O O O O O B-mo I-mo I-mo I-mo I-mo I-mo I-mo
Godrej 190 L Direct Cool Single Door 3 Star Refrigerator RD EDGEPRO 205C 33 TAF,B-br O O O O O O O O O B-mo I-mo I-mo I-mo I-mo
Haier 190 L Direct Cool Single Door 3 Star Refrigerator HED-19TBR,B-br O O O O O O O O O B-mo
Haier 190 L Direct Cool Single Door 2 Star Refrigerator HRD-1902CMS-E,B-br O O O O O O O O O B-mo
Haier 258 L Frost Free Double Door 3 Star Refrigerator HEB-25TDS,B-br O O O O O O O O O B-mo
Haier 181 L Direct Cool Single Door 2 Star Refrigerator HED-1812BKS-E,B-br O O O O O O O O O B-mo
Haier 195 L Direct Cool Single Door 4 Star Refrigerator HED-20CKS,B-br O O O O O O O O O B-mo
Haier 258 L Frost Free Double Door 3 Star Refrigerator HEF-25TDS,B-br O O O O O O O O O B-mo
Haier 258 L Frost Free Double Door 3 Star Refrigerator HRF-2783CKG-E,B-br O O O O O O O O O B-mo
Haier 220 L Direct Cool Single Door 4 Star Refrigerator HED-22CFDS,B-br O O O O O O O O O B-mo
Haier 258 L Frost Free Double Door 2 Star Refrigerator HEF-25TGS,B-br O O O O O O O O O B-mo
Haier 345 L Frost Free Double Door 3 Star Refrigerator HEF 35TKS,B-br O O O O O O O O O B-mo I-mo
Haier 320 L Frost Free Double Door 3 Star Refrigerator HRB-3404PSG-E,B-br O O O O O O O O O B-mo
Haier 256 L Frost Free Double Door 3 Star Refrigerator HRB 2764CIS E,B-br O O O O O O O O O B-mo I-mo I-mo
Haier 570 L Frost Free Side by Side 5 Star Refrigerator HRF-622KS,B-br O O O O O O O O O O B-mo
Haier 195 L Direct Cool Single Door 4 Star Refrigerator HRD 1954CRP E,B-br O O O O O O O O O B-mo I-mo I-mo
Haier 570 L Frost Free Side by Side Refrigerator HRF-622SS,B-br O O O O O O O O B-mo
Haier 195 L Direct Cool Single Door 4 Star Refrigerator HRD-1954PMG-F,B-br O O O O O O O O O B-mo
Haier 100 L Frost Free Single Door 5 Star Refrigerator HCF-100HTQ,B-br O O O O O O O O O B-mo
Haier 256 L Frost Free Double Door 4 Star Refrigerator HRB-2764PSG-E,B-br O O O O O O O O O B-mo
Haier 258 L Frost Free Double Door 3 Star Refrigerator HRF-2783BKS-E,B-br O O O O O O O O O B-mo
Haier 340 L Air Flow Single Door 5 Star Refrigerator HVC-340G,B-br O O O O O O O O O B-mo
Haier 531 L Frost Free Side by Side 3 Star Refrigerator HRB-550KG,B-br O O O O O O O O O O B-mo
Haier 256 L Frost Free Double Door 4 Star Refrigerator HRB-2764PMG-E,B-br O O O O O O O O O B-mo
Haier 570 L Frost Free Side by Side Inverter Technology Refrigerator HRF-622KG,B-br O O O O O O O O O O B-mo
Haier 195 L Direct Cool Single Door 4 Star Refrigerator HRD-1954CBS-E,B-br O O O O O O O O O B-mo
Haier 320 L Frost Free Double Door 2 Star Refrigerator HRB-3404PMG-E,B-br O O O O O O O O O B-mo
Haier 258 L Frost Free Double Door 3 Star Refrigerator HRF-2783CRB-E,B-br O O O O O O O O O B-mo
Haier 195 L Direct Cool Single Door 5 Star Refrigerator HRD-1955CBS-E,B-br O O O O O O O O O B-mo
Haier 276 L Frost Free Double Door Bottom Mount 3 Star Refrigerator HRB-2964PSG-E,B-br O O O O O O O O O O O B-mo
Haier 192 L Direct Cool Single Door 3 Star Refrigerator HRD-1923PMG-E,B-br O O O O O O O O O B-mo
Haier 278 L Frost Free Double Door 3 Star Refrigerator HEF-27TMS-E,B-br O O O O O O O O O B-mo
Hisense 564 L Frost Free Side by Side Refrigerator RS564N4SBNW,B-br O O O O O O O O B-mo
Hisense 507 L Frost Free French Door Refrigerator RQ507N4SSVW,B-br O O O O O O O B-mo
Hisense 564 L Frost Free Side by Side Refrigerator RS564N4SSNW,B-br O O O O O O O O B-mo
Hisense 411 L Frost Free Double Door 2 Star Refrigerator RT488N4ASB2,B-br O O O O O O O O O B-mo
Hitachi 601 L Frost Free Double Door 2 Star Refrigerator R-VG660PND7-GGR,B-br O O O O O O O O O B-mo
Hitachi 375 L Frost Free Double Door 2 Star Refrigerator R-VG400PND8-GBK,B-br O O O O O O O O O B-mo
Hitachi 525 L Frost Free Double Door Bottom Mount 2 Star Refrigerator R-B570PND7-GBW,B-br O O O O O O O O O O O B-mo
Hitachi 466 L Frost Free Double Door 3 Star Refrigerator RB500PND6,B-br O O O O O O O O O B-mo
Hitachi 415 L Frost Free Double Door 2 Star Refrigerator R-VG440PND8-GBK,B-br O O O O O O O O O B-mo
Hitachi 489 L Frost Free Double Door 2 Star Refrigerator R-VG540PND7-GGR,B-br O O O O O O O O O B-mo
Hitachi 650 L Frost Free Side by Side Inverter Technology Refrigerator RWB730PND5,B-br O O O O O O O O O O B-mo
Hitachi 510 L Frost Free French Door Bottom Mount 3 Star Refrigerator R-WB560PND9-GBW,B-br O O O O O O O O O O O B-mo
Hitachi 659 L Frost Free Side by Side Inverter Technology Refrigerator RS700PND2,B-br O O O O O O O O O O B-mo
Hitachi 451 L Frost Free Multi Door 5 Star Refrigerator R-WB490PND9-GBW,B-br O O O O O O O O O B-mo
Hitachi 443 L Frost Free Double Door 2 Star Refrigerator R-VG470PND8-GBK,B-br O O O O O O O O O B-mo
Hitachi 451 L Frost Free Double Door 2 Star Refrigerator RVG470PND3,B-br O O O O O O O O O B-mo
Hitachi 404 L Frost Free Triple Door 5 Star Refrigerator RSG38FPND,B-br O O O O O O O O O B-mo
Hitachi 342 L Frost Free Triple Door Inverter Technology Refrigerator RSG32FPND,B-br O O O O O O O O O B-mo
Hitachi 638 L Frost Free Side by Side 5 Star Refrigerator RW720FPND1X,B-br O O O O O O O O O O B-mo
Hitachi 318 L Frost Free Double Door 3 Star Refrigerator RH350PND4K,B-br O O O O O O O O O B-mo
Hitachi 563 L Frost Free Side by Side Inverter Technology Refrigerator RW610PND4,B-br O O O O O O O O O O B-mo
Hitachi 700 L Frost Free Side by Side Inverter Technology Refrigerator RWB800PND5,B-br O O O O O O O O O O B-mo
Hitachi 251 L Frost Free Double Door Inverter Technology Refrigerator RT260END1K,B-br O O O O O O O O O B-mo
Hitachi 651 L Frost Free Side by Side Refrigerator RM700GPND2,B-br O O O O O O O O B-mo
Hitachi 601 L Frost Free Double Door 2 Star Refrigerator RVG660PND3,B-br O O O O O O O O O B-mo
Hitachi 647 L Frost Free Double Door Bottom Mount 3 Star Refrigerator R-WB730PND6X-XGR,B-br O O O O O O O O O O O B-mo
Hitachi 451 L Frost Free Double Door 3 Star Refrigerator RV470PND3K,B-br O O O O O O O O O B-mo
Hitachi 415 L Frost Free Double Door 3 Star Refrigerator RV440PND3K,B-br O O O O O O O O O B-mo
Hitachi 289 L Frost Free Double Door 3 Star Refrigerator RH310PND4K,B-br O O O O O O O O O B-mo
Hitachi 382 L Frost Free Double Door 3 Star Refrigerator RV400PND3K,B-br O O O O O O O O O B-mo
Hitachi 700 L Frost Free French Door Refrigerator WB800PNDS,B-br O O O O O O O B-mo
Hitachi 651 L Frost Free Side by Side Refrigerator RM700AGPNDX,B-br O O O O O O O O B-mo
Hitachi 601 L Frost Free Double Door 4 Star Refrigerator RV660PND3KX,B-br O O O O O O O O O B-mo
Hitachi 456 L Frost Free Triple Door 5 Star Refrigerator B80PND2GBW,B-br O O O O O O O O O B-mo
Hyundai 563 L Frost Free Double Door Refrigerator HGP563Z BM RSW,B-br O O O O O O O B-mo I-mo I-mo
Kelvinator 95 L Direct Cool Single Door 1 Star Refrigerator KRC-A110SGP,B-br O O O O O O O O O B-mo
Kelvinator 190 L Direct Cool Single Door 2 Star Refrigerator KRD A210 MRP,B-br O O O O O O O O O B-mo I-mo I-mo
Kelvinator 190 L Direct Cool Single Door 2 Star Refrigerator KRD A210HSP,B-br O O O O O O O O O B-mo I-mo
Kelvinator 170 L Direct Cool Single Door 3 Star Refrigerator KRD A190MRP,B-br O O O O O O O O O B-mo I-mo
Kelvinator 190 L Direct Cool Single Door 3 Star Refrigerator KW203PMHFDA,B-br O O O O O O O O O B-mo
Kelvinator 170 L Direct Cool Single Door 3 Star Refrigerator KWE183,B-br O O O O O O O O O B-mo
Kelvinator 245 L Frost Free Double Door 2 Star Refrigerator KSP252FRC,B-br O O O O O O O O O B-mo
Kelvinator 245 L Direct Cool Single Door 5 Star Refrigerator KO255LTPR,B-br O O O O O O O O O B-mo
Kelvinator 190 L Direct Cool Single Door 4 Star Refrigerator KSE204,B-br O O O O O O O O O B-mo
Kelvinator 170 L Direct Cool Single Door 3 Star Refrigerator KW183ESG,B-br O O O O O O O O O B-mo
Kelvinator 150 L Direct Cool Single Door 3 Star Refrigerator KW163PTHG,B-br O O O O O O O O O B-mo
Kelvinator 190 L Direct Cool Single Door 3 Star Refrigerator KS203E,B-br O O O O O O O O O B-mo
Kelvinator 170 L Direct Cool Single Door 3 Star Refrigerator KW183EBR,B-br O O O O O O O O O B-mo
Kelvinator 190 L Frost Free Double Door 2 Star Refrigerator KP202PHG,B-br O O O O O O O O O B-mo
Kelvinator 170 L Direct Cool Single Door 3 Star Refrigerator KW183E,B-br O O O O O O O O O B-mo
Kelvinator 150 L Direct Cool Single Door 1 Star Refrigerator KW163P,B-br O O O O O O O O O B-mo
Kelvinator 190 L Direct Cool Single Door 3 Star Refrigerator KW203PSHFDW,B-br O O O O O O O O O B-mo
Koryo 225 L Direct Cool Single Door 3 Star Refrigerator KDR250S3,B-br O O O O O O O O O B-mo
Koryo 45 L Direct Cool Single Door 5 Star Refrigerator KMR45SV,B-br O O O O O O O O O B-mo
Koryo 509 L Frost Free Side by Side Refrigerator KSBS549INV,B-br O O O O O O O O B-mo
Koryo 190 L Direct Cool Single Door 3 Star Refrigerator KDR210S3,B-br O O O O O O O O O B-mo
Koryo 591 L Frost Free Side by Side Inverter Technology Refrigerator KSBS607BKINWD,B-br O O O O O O O O O O B-mo
Koryo 190 L Direct Cool Single Door 3 Star Refrigerator KDR215MR3F,B-br O O O O O O O O O B-mo
Koryo 190 L Direct Cool Single Door 3 Star Refrigerator KDR210DS3F,B-br O O O O O O O O O B-mo
Koryo 190 L Direct Cool Single Door 3 Star Refrigerator KDR210DR3F,B-br O O O O O O O O O B-mo
Koryo 584 L Frost Free Side by Side 4 Star Refrigerator KSBS605GLD,B-br O O O O O O O O O O B-mo
Koryo 225 L Direct Cool Single Door 4 Star Refrigerator KDR250S2,B-br O O O O O O O O O B-mo
Koryo 584 L Frost Free Side by Side 3 Star Refrigerator KSBS605INV,B-br O O O O O O O O O O B-mo
Koryo 100 L Direct Cool Single Door Refrigerator KCH100BG,B-br O O O O O O O B-mo
Koryo 190 L Direct Cool Single Door 3 Star Refrigerator KDR215BM3F,B-br O O O O O O O O O B-mo
Koryo 584 L Frost Free Side by Side Refrigerator KSBS605BKINV,B-br O O O O O O O O B-mo
Koryo 591 L Frost Free Side by Side Inverter Technology Refrigerator KSBS607INWD,B-br O O O O O O O O O O B-mo
LG 437 L Frost Free Double Door 2 Star Refrigerator GL T432APZY,B-br O O O O O O O O O B-mo I-mo
LG 215 L Direct Cool Single Door 4 Star Refrigerator GL B221ASCY,B-br O O O O O O O O O B-mo I-mo
LG 45 L Direct Cool Single Door 2 Star Refrigerator GL M051RSWC,B-br O O O O O O O O O B-mo I-mo
LG 190 L Direct Cool Single Door 5 Star Refrigerator GL D201APZZ,B-br O O O O O O O O O B-mo I-mo
LG 235 L Direct Cool Single Door 4 Star Refrigerator GL D241ASCY,B-br O O O O O O O O O B-mo I-mo
LG 190 L Direct Cool Single Door 4 Star Refrigerator GL D201ASCY,B-br O O O O O O O O O B-mo I-mo
LG 190 L Direct Cool Single Door 5 Star Refrigerator GL-D201ABEZ,B-br O O O O O O O O O B-mo
LG 190 L Direct Cool Single Door 5 Star Refrigerator GL B201ASPY,B-br O O O O O O O O O B-mo I-mo
LG 215 L Direct Cool Single Door 4 Star Refrigerator GL B221APZY,B-br O O O O O O O O O B-mo I-mo
LG 308 L Frost Free Double Door 3 Star Refrigerator GL T322RHPN,B-br O O O O O O O O O B-mo I-mo
LG 190 L Direct Cool Single Door 4 Star Refrigerator GL B201ASCY,B-br O O O O O O O O O B-mo I-mo
LG 215 L Direct Cool Single Door 5 Star Refrigerator GL B221ASCZ,B-br O O O O O O O O O B-mo I-mo
LG 204 L Direct Cool Single Door 4 Star Refrigerator GL D211CPZY,B-br O O O O O O O O O B-mo I-mo
LG 190 L Direct Cool Single Door 4 Star Refrigerator GL D201ABPY,B-br O O O O O O O O O B-mo I-mo
LG 260 L Frost Free Double Door 4 Star Refrigerator GL T292RPZX,B-br O O O O O O O O O B-mo I-mo
LG 190 L Direct Cool Single Door 4 Star Refrigerator GL D201AHCY,B-br O O O O O O O O O B-mo I-mo
LG 190 L Direct Cool Single Door 3 Star Refrigerator GL B201APZD,B-br O O O O O O O O O B-mo I-mo
LG 215 L Direct Cool Single Door 4 Star Refrigerator GL D221ABCY,B-br O O O O O O O O O B-mo I-mo
LG 270 L Direct Cool Single Door 3 Star Refrigerator GL B281BBCX,B-br O O O O O O O O O B-mo I-mo
LG 340 L Frost Free Double Door 3 Star Refrigerator GL T342VESX,B-br O O O O O O O O O B-mo I-mo
LG 270 L Direct Cool Single Door 4 Star Refrigerator GL B281BPZX,B-br O O O O O O O O O B-mo I-mo
LG 408 L Frost Free Double Door 3 Star Refrigerator GL T412VPZX,B-br O O O O O O O O O B-mo I-mo
LG 260 L Frost Free Double Door 2 Star Refrigerator GL S292RBCY,B-br O O O O O O O O O B-mo I-mo
LG 423 L Frost Free Double Door 3 Star Refrigerator GL T422VPZX,B-br O O O O O O O O O B-mo I-mo
LG 235 L Direct Cool Single Door 3 Star Refrigerator GL-D241ABCD,B-br O O O O O O O O O B-mo
LG 215 L Direct Cool Single Door 5 Star Refrigerator GL D221AESZ,B-br O O O O O O O O O B-mo I-mo
LG 408 L Frost Free Double Door 3 Star Refrigerator GL T412VDSX,B-br O O O O O O O O O B-mo I-mo
LG 423 L Frost Free Double Door 3 Star Refrigerator GL T422VESX,B-br O O O O O O O O O B-mo I-mo
LG 360 L Frost Free Double Door 3 Star Refrigerator GL T402JES3,B-br O O O O O O O O O B-mo I-mo
LG 190 L Direct Cool Single Door 2 Star Refrigerator GL-D199OBPC,B-br O O O O O O O O O B-mo
Lifelong 505 L Frost Free Side by Side Refrigerator LLSBSR505,B-br O O O O O O O O B-mo
Lifelong 460 L Frost Free Side by Side Refrigerator LLSBSR460,B-br O O O O O O O O B-mo
Lifelong 505 L Frost Free Side by Side Refrigerator LLSBSR505BG,B-br O O O O O O O O B-mo
Lifelong 4 L Thermoelectric Cooling Single Door Refrigerator LLPR04W,B-br O O O O O O O B-mo
Lifelong 500 L Frost Free Multi-Door Refrigerator LL4DR500RG,B-br O O O O O O B-mo
Lifelong 4 L Thermoelectric Cooling Single Door Refrigerator LLPR04R,B-br O O O O O O O B-mo
Lloyd 310 L Frost Free Double Door 2 Star Refrigerator GLFF312AMWT1PB,B-br O O O O O O O O O B-mo
Lloyd 587 L Frost Free Side by Side Refrigerator GLSF590DGGT1LB,B-br O O O O O O O O B-mo
Lloyd 276 L Frost Free Double Door 2 Star Refrigerator GLFF282ASRT1PB,B-br O O O O O O O O O B-mo
Lloyd 225 L Direct Cool Single Door 2 Star Refrigerator GLDC242SBWT2PB,B-br O O O O O O O O O B-mo
Lloyd 340 L Frost Free Double Door 2 Star Refrigerator GLFF342AHGT1PB,B-br O O O O O O O O O B-mo
Lloyd 310 L Frost Free Double Door 3 Star Refrigerator GLFF313AHGT1PB,B-br O O O O O O O O O B-mo
Lloyd 340 L Frost Free Double Door 3 Star Refrigerator GLFF343AHGT1PB,B-br O O O O O O O O O B-mo
Lloyd 200 L Direct Cool Single Door 2 Star Refrigerator GLDC212SBWT2PB,B-br O O O O O O O O O B-mo
Lloyd 200 L Direct Cool Single Door 2 Star Refrigerator GLDC212SGBT2PB,B-br O O O O O O O O O B-mo
Lloyd 310 L Frost Free Double Door 3 Star Refrigerator GLFF313ADST1PB,B-br O O O O O O O O O B-mo
Lloyd 91 L Direct Cool Single Door 1 Star Refrigerator GLDC111RMGW1EB,B-br O O O O O O O O O B-mo
Lloyd 200 L Direct Cool Single Door 4 Star Refrigerator GLDF214SS1PB,B-br O O O O O O O O O B-mo
Lloyd 200 L Direct Cool Single Door 4 Star Refrigerator GLDF214SBWS2PB,B-br O O O O O O O O O B-mo
Lloyd 225 L Direct Cool Single Door 3 Star Refrigerator GLDF243SBBT2PB,B-br O O O O O O O O O B-mo
Lloyd 200 L Direct Cool Single Door 3 Star Refrigerator GLDF213SBBT2PB,B-br O O O O O O O O O B-mo
Lloyd 200 L Direct Cool Single Door 4 Star Refrigerator GLDF214ST2PB,B-br O O O O O O O O O B-mo
Lloyd 255 L Direct Cool Single Door 3 Star Refrigerator GLDF273SSBT2PB,B-br O O O O O O O O O B-mo
Lloyd 340 L Frost Free Double Door 3 Star Refrigerator GLFF343ADST1PB,B-br O O O O O O O O O B-mo
Lloyd 200 L Direct Cool Single Door 3 Star Refrigerator GLDC213ST2PB,B-br O O O O O O O O O B-mo
Lloyd 519 L Frost Free Multi Door Inverter Technology Star Refrigerator GLMF520DSST1GB,B-br O O O O O O O O O O B-mo
Lloyd 200 L Direct Cool Single Door 4 Star Refrigerator GLDF214SBBS2PB,B-br O O O O O O O O O B-mo
Lloyd 587 L Frost Free Side by Side Refrigerator GLSF590DGLT1LB,B-br O O O O O O O O B-mo
Lloyd 587 L Frost Free Side by Side Refrigerator GLSF590DSST1PB,B-br O O O O O O O O B-mo
Lloyd 255 L Direct Cool Single Door 2 Star Refrigerator GLDC272SGBT2PB,B-br O O O O O O O O O B-mo
Lloyd 252 L Frost Free Double Door 2 Star Refrigerator GLFF262EDST1PB,B-br O O O O O O O O O B-mo
Lloyd 340 L Frost Free Double Door 2 Star Refrigerator GLFF342ASRT1PB,B-br O O O O O O O O O B-mo
Lloyd 310 L Frost Free Double Door 2 Star Refrigerator GLFF312ASRT1PB,B-br O O O O O O O O O B-mo
MarQ by Flipkart 468 L Frost Free Side by Side Refrigerator 468ASMQS,B-br I-br I-br O O O O O O O O B-mo
MarQ by Flipkart 90 L Direct Cool Single Door 1 Star Refrigerator 100BD1MQG1,B-br I-br I-br O O O O O O O O O B-mo
MarQ by Flipkart 190 L Direct Cool Single Door 3 Star Refrigerator 190BD3MQW,B-br I-br I-br O O O O O O O O O B-mo
MarQ by Flipkart 271 L Frost Free Double Door 2 Star Refrigerator 272JF2MQDS,B-br I-br I-br O O O O O O O O O B-mo
MarQ by Flipkart 338 L Frost Free Double Door 2 Star Refrigerator 340JF2MQDS,B-br I-br I-br O O O O O O O O O B-mo
MarQ by Flipkart 308 L Frost Free Double Door 3 Star Refrigerator 310JF3MQDS,B-br I-br I-br O O O O O O O O O B-mo
MarQ by Flipkart 195 L Direct Cool Single Door 2 Star Refrigerator MDCR195PG,B-br I-br I-br O O O O O O O O O B-mo
MarQ by Flipkart 180 L Direct Cool Single Door 3 Star Refrigerator 180BD3MQR,B-br I-br I-br O O O O O O O O O B-mo
MarQ by Flipkart 472 L Frost Free Side by Side 2 Star Refrigerator 472GFDMQS,B-br I-br I-br O O O O O O O O O O B-mo
MarQ by Flipkart 563 L Frost Free Side by Side Refrigerator 563GSMQS,B-br I-br I-br O O O O O O O O B-mo
MarQ by Flipkart 180 L Direct Cool Single Door 3 Star Refrigerator MDCR180PG,B-br I-br I-br O O O O O O O O O B-mo
MarQ by Flipkart 566 L Frost Free Side by Side Refrigerator 560GHSBMQ,B-br I-br I-br O O O O O O O O B-mo
MarQ by Flipkart 93 L Direct Cool Single Door 2 Star Refrigerator 93HSDMQ,B-br I-br I-br O O O O O O O O O B-mo
MarQ by Flipkart 90 L Direct Cool Single Door 1 Star Refrigerator 100BD1MQG,B-br I-br I-br O O O O O O O O O B-mo
MarQ by Flipkart 252 L Frost Free Double Door 3 Star Refrigerator 252CFDS3MQ,B-br I-br I-br O O O O O O O O O B-mo
MarQ by Flipkart 170 L Direct Cool Single Door 2 Star Refrigerator 170BD2MQB1,B-br I-br I-br O O O O O O O O O B-mo
MarQ by Flipkart 170 L Direct Cool Single Door 2 Star Refrigerator 170BD2MQR,B-br I-br I-br O O O O O O O O O B-mo
MarQ by Flipkart 215 L Direct Cool Single Door 5 Star Refrigerator 215DD5SMQBS-HDA,B-br I-br I-br O O O O O O O O O B-mo
MarQ by Flipkart 245 L Direct Cool Single Door 5 Star Refrigerator 245DD5SMQBP-HDA,B-br I-br I-br O O O O O O O O O B-mo
MarQ by Flipkart 196 L Direct Cool Single Door 4 Star Refrigerator 196BD4MQR2,B-br I-br I-br O O O O O O O O O B-mo
MarQ by Flipkart 468 L Frost Free Side by Side Refrigerator 468ASMQS,B-br I-br I-br O O O O O O O O B-mo
MarQ by Flipkart 90 L Direct Cool Single Door 1 Star Refrigerator 100BD1MQG1,B-br I-br I-br O O O O O O O O O B-mo
MarQ by Flipkart 190 L Direct Cool Single Door 3 Star Refrigerator 190BD3MQW,B-br I-br I-br O O O O O O O O O B-mo
MarQ by Flipkart 271 L Frost Free Double Door 2 Star Refrigerator 272JF2MQDS,B-br I-br I-br O O O O O O O O O B-mo
MarQ by Flipkart 338 L Frost Free Double Door 2 Star Refrigerator 340JF2MQDS,B-br I-br I-br O O O O O O O O O B-mo
MarQ by Flipkart 308 L Frost Free Double Door 3 Star Refrigerator 310JF3MQDS,B-br I-br I-br O O O O O O O O O B-mo
MarQ by Flipkart 195 L Direct Cool Single Door 2 Star Refrigerator MDCR195PG,B-br I-br I-br O O O O O O O O O B-mo
MarQ by Flipkart 180 L Direct Cool Single Door 3 Star Refrigerator 180BD3MQR,B-br I-br I-br O O O O O O O O O B-mo
MarQ by Flipkart 472 L Frost Free Side by Side 2 Star Refrigerator 472GFDMQS,B-br I-br I-br O O O O O O O O O O B-mo
MarQ by Flipkart 563 L Frost Free Side by Side Refrigerator 563GSMQS,B-br I-br I-br O O O O O O O O B-mo
MarQ by Flipkart 180 L Direct Cool Single Door 3 Star Refrigerator MDCR180PG,B-br I-br I-br O O O O O O O O O B-mo
MarQ by Flipkart 566 L Frost Free Side by Side Refrigerator 560GHSBMQ,B-br I-br I-br O O O O O O O O B-mo
MarQ by Flipkart 93 L Direct Cool Single Door 2 Star Refrigerator 93HSDMQ,B-br I-br I-br O O O O O O O O O B-mo
MarQ by Flipkart 90 L Direct Cool Single Door 1 Star Refrigerator 100BD1MQG,B-br I-br I-br O O O O O O O O O B-mo
MarQ by Flipkart 252 L Frost Free Double Door 3 Star Refrigerator 252CFDS3MQ,B-br I-br I-br O O O O O O O O O B-mo
MarQ by Flipkart 170 L Direct Cool Single Door 2 Star Refrigerator 170BD2MQB1,B-br I-br I-br O O O O O O O O O B-mo
MarQ by Flipkart 170 L Direct Cool Single Door 2 Star Refrigerator 170BD2MQR,B-br I-br I-br O O O O O O O O O B-mo
MarQ by Flipkart 215 L Direct Cool Single Door 5 Star Refrigerator 215DD5SMQBS-HDA,B-br I-br I-br O O O O O O O O O B-mo
MarQ by Flipkart 245 L Direct Cool Single Door 5 Star Refrigerator 245DD5SMQBP-HDA,B-br I-br I-br O O O O O O O O O B-mo
MarQ by Flipkart 196 L Direct Cool Single Door 4 Star Refrigerator 196BD4MQR2,B-br I-br I-br O O O O O O O O O B-mo
Midea 482 L Frost Free Side by Side Refrigerator MDRS619FGG28IND,B-br O O O O O O O O B-mo
Midea 45 L Direct Cool Single Door 2 Star Refrigerator MDRD86FGE31,B-br O O O O O O O O O B-mo
Midea 95 L Direct Cool Single Door 1 Star Refrigerator MDRD142FGF03,B-br O O O O O O O O O B-mo
Mitashi 345 L Frost Free Double Door Bottom Mount 2 Star Refrigerator MiRFBMF2S345v20,B-br O O O O O O O O O O O B-mo
Mitashi 510 L Frost Free Side by Side Inverter Technology Refrigerator MiRFSBS1S510v20,B-br O O O O O O O O O O B-mo
Mitashi 52 L Direct Cool Single Door 2 Star Refrigerator MiRFSDM2S052v120,B-br O O O O O O O O O B-mo
Mitashi 100 L Direct Cool Single Door 2 Star Refrigerator MiRFSDM2S100v120,B-br O O O O O O O O O B-mo
Mitashi 46 L Direct Cool Single Door 2 Star Refrigerator MSD050RF100,B-br O O O O O O O O O B-mo
Mitashi 240 L Frost Free Double Door 3 Star Refrigerator MiRFDDG240V15,B-br O O O O O O O O O B-mo
Mitashi 145 L Direct Cool Double Door 2 Star Refrigerator MiRFDDP2S145v20,B-br O O O O O O O O O B-mo
Mitashi 240 L Direct Cool Double Door 2 Star Refrigerator MiRFDDP2S240v20,B-br O O O O O O O O O B-mo
Mitashi 145 L Direct Cool Single Door 3 Star Refrigerator MiRFDDS145V15,B-br O O O O O O O O O B-mo
Mitashi 240 L Direct Cool Double Door 3 Star Refrigerator MiRFDDM240V25,B-br O O O O O O O O O B-mo
Mitashi 87 L Direct Cool Single Door 2 Star Refrigerator MSD090RF100,B-br O O O O O O O O O B-mo
Motorola 592 L Frost Free Side by Side Refrigerator 592HSMTB,B-br O O O O O O O O B-mo
Motorola 533 L Frost Free Multi-Door Refrigerator 533AFDMTB,B-br O O O O O O B-mo
Motorola 338 L Frost Free Double Door 3 Star Refrigerator 340JF3MTBG,B-br O O O O O O O O O B-mo
Motorola 308 L Frost Free Double Door 3 Star Refrigerator 310JF3MTBG,B-br O O O O O O O O O B-mo
Motorola 271 L Frost Free Double Door 3 Star Refrigerator 272JF3MTBG,B-br O O O O O O O O O B-mo
Motorola 507 L Frost Free Multi-Door Refrigerator 507AFDMTB,B-br O O O O O O B-mo
Onida 190 L Direct Cool Single Door 3 Star Refrigerator RDS1903B,B-br O O O O O O O O O B-mo
Onida 190 L Direct Cool Single Door 3 Star Refrigerator RDS1903R,B-br O O O O O O O O O B-mo
Onida 92 L Direct Cool Single Door 1 Star Refrigerator RDS1001SG,B-br O O O O O O O O O B-mo
Onida 215 L Direct Cool Single Door 2 Star Refrigerator RDS2152P,B-br O O O O O O O O O B-mo
Onida 190 L Direct Cool Single Door 3 Star Refrigerator RDS1903P,B-br O O O O O O O O O B-mo
Onida 190 L Direct Cool Single Door 3 Star Refrigerator RDS2053B,B-br O O O O O O O O O B-mo
Onida 190 L Direct Cool Single Door 3 Star Refrigerator RDS2053R,B-br O O O O O O O O O B-mo
Panasonic 197 L Direct Cool Single Door 2 Star Refrigerator NR A201BLSN,B-br O O O O O O O O O O O
Panasonic 307 L Frost Free Double Door 3 Star Refrigerator NRMBG31VSS3,B-br O O O O O O O O O B-mo
Panasonic 584 L Frost Free Side by Side Inverter Technology Refrigerator NRBS60VKX1,B-br O O O O O O O O O O B-mo
Panasonic 307 L Frost Free Double Door 3 Star Refrigerator NRBG311VPW3,B-br O O O O O O O O O B-mo
Panasonic 309 L Frost Free Double Door 3 Star Refrigerator NR TG321CUSN,B-br O O O O O O O O O B-mo I-mo
Panasonic 335 L Frost Free Double Door 2 Star Refrigerator NRTBG34VSS3,B-br O O O O O O O O O B-mo
Panasonic 338 L Frost Free Double Door 3 Star Refrigerator NR TG351CUSN,B-br O O O O O O O O O B-mo I-mo
Panasonic 268 L Frost Free Double Door 2 Star Refrigerator NRTBG27VSS3,B-br O O O O O O O O O B-mo
Panasonic 450 L Frost Free Double Door 3 Star Refrigerator NRBX468VVX3,B-br O O O O O O O O O B-mo
Panasonic 336 L Frost Free Double Door 3 Star Refrigerator NR-BG343VGG3,B-br O O O O O O O O O B-mo
Panasonic 307 L Frost Free Double Door 3 Star Refrigerator NRBG311PLW3,B-br O O O O O O O O O B-mo
Panasonic 551 L Frost Free Multi Door Inverter Technology Refrigerator NRCY550GKXZ,B-br O O O O O O O O O B-mo
Panasonic 592 L Frost Free Side by Side Refrigerator NR BS62GKX1,B-br O O O O O O O O B-mo I-mo
Panasonic 592 L Frost Free Side by Side Refrigerator NR BS62MKX1,B-br O O O O O O O O B-mo I-mo
Panasonic 336 L Frost Free Double Door 3 Star Refrigerator NRMBG34VSS3,B-br O O O O O O O O O B-mo
Panasonic 307 L Frost Free Double Door 3 Star Refrigerator NR-BG313VGG3,B-br O O O O O O O O O B-mo
Panasonic 307 L Frost Free Double Door 3 Star Refrigerator NRBG311VSS3,B-br O O O O O O O O O B-mo
Panasonic 305 L Frost Free Double Door 2 Star Refrigerator NRTBG31VSS3,B-br O O O O O O O O O B-mo
Panasonic 296 L Frost Free Double Door 2 Star Refrigerator NRBL307PSX1,B-br O O O O O O O O O B-mo
Panasonic 333 L Frost Free Double Door 2 Star Refrigerator NRBL347VSX1,B-br O O O O O O O O O B-mo
Panasonic 296 L Frost Free Double Door 2 Star Refrigerator NRBR307VSX1,B-br O O O O O O O O O B-mo
Panasonic 296 L Frost Free Double Door 2 Star Refrigerator NRBR307RKX1,B-br O O O O O O O O O B-mo
Panasonic 197 L Direct Cool Single Door 2 Star Refrigerator NR A201BTAN,B-br O O O O O O O O O B-mo I-mo
Panasonic 197 L Direct Cool Single Door 2 Star Refrigerator NR A201BEAN,B-br O O O O O O O O O B-mo I-mo
Panasonic 465 L Frost Free Double Door 2 Star Refrigerator NR BX471CPKN,B-br O O O O O O O O O B-mo I-mo
Panasonic 197 L Direct Cool Single Door 3 Star Refrigerator NR A201CEMN,B-br O O O O O O O O O B-mo I-mo
Panasonic 465 L Frost Free Double Door 2 Star Refrigerator NR BX471WGMN,B-br O O O O O O O O O B-mo I-mo
Panasonic 280 L Frost Free Double Door 2 Star Refrigerator NR TH292BUHN,B-br O O O O O O O O O B-mo I-mo
Panasonic 197 L Direct Cool Single Door 2 Star Refrigerator NR A201BTRN,B-br O O O O O O O O O B-mo I-mo
Panasonic 260 L Frost Free Double Door 3 Star Refrigerator NR TH272CPAN,B-br O O O O O O O O O B-mo I-mo
Realme TechLife 215 L Direct Cool Single Door 2 Star Refrigerator 215BD2RMB1,B-br I-br O O O O O O O O O B-mo
Realme TechLife 260 L Frost Free Double Door 3 Star Refrigerator 261JF3RMBG,B-br I-br O O O O O O O O O B-mo
Realme TechLife 195 L Direct Cool Single Door 2 Star Refrigerator 195BD2RMB1,B-br I-br O O O O O O O O O B-mo
Realme TechLife 338 L Frost Free Double Door 3 Star Refrigerator 340JF3RMBG,B-br I-br O O O O O O O O O B-mo
Realme TechLife 308 L Frost Free Double Door 3 Star Refrigerator 310JF3RMBG,B-br I-br O O O O O O O O O B-mo
Realme TechLife 280 L Frost Free Double Door 2 Star Refrigerator 281JF2RMBG,B-br I-br O O O O O O O O O B-mo
Realme TechLife 280 L Frost Free Double Door 3 Star Refrigerator 281JF3RMBG,B-br I-br O O O O O O O O O B-mo
Realme TechLife 308 L Frost Free Double Door 2 Star Refrigerator 310JF2RMBG,B-br I-br O O O O O O O O O B-mo
Realme TechLife 564 L Frost Free Side by Side Refrigerator 564ASRM,B-br I-br O O O O O O O O B-mo
Samsung 198 L Direct Cool Single Door 4 Star Refrigerator RR21T2H2XCR,B-br O O O O O O O O O B-mo
Samsung 212 L Direct Cool Single Door 3 Star Refrigerator RR22M272ZS8,B-br O O O O O O O O O B-mo
Samsung 275 L Frost Free Double Door 3 Star Refrigerator RT30T3743S9,B-br O O O O O O O O O B-mo
Samsung 253 L Frost Free Double Door 3 Star Refrigerator RT28T3743S8,B-br O O O O O O O O O B-mo
Samsung 415 L Frost Free Double Door 4 Star Refrigerator RT42M553ES8,B-br O O O O O O O O O B-mo
Samsung 324 L Frost Free Double Door 3 Star Refrigerator RT34M5538S8,B-br O O O O O O O O O B-mo
Samsung 230 L Direct Cool Single Door 3 Star Refrigerator RR24B282YGS,B-br O O O O O O O O O B-mo
Samsung 275 L Frost Free Double Door 3 Star Refrigerator RT30T3443S9,B-br O O O O O O O O O B-mo
Samsung 198 L Direct Cool Single Door 5 Star Refrigerator RR21A2H2WTU/HL,B-br O O O O O O O O O B-mo
Samsung 198 L Direct Cool Single Door 5 Star Refrigerator RR21T2H2W9R,B-br O O O O O O O O O B-mo
Samsung 478 L Frost Free Double Door 3 Star Refrigerator RT49K6338BS,B-br O O O O O O O O O B-mo
Samsung 198 L Direct Cool Single Door 4 Star Refrigerator RR21A2F2XNV/HL,B-br O O O O O O O O O B-mo
Samsung 192 L Direct Cool Single Door 3 Star Refrigerator RR20R1Y2YS8,B-br O O O O O O O O O B-mo
Samsung 192 L Direct Cool Single Door 3 Star Refrigerator RR20A182YCR,B-br O O O O O O O O O B-mo
Samsung 195 L Direct Cool Single Door 1 Star Refrigerator RR19A20CAGS/NL,B-br O O O O O O O O O B-mo
Samsung 692 L Frost Free Side by Side Refrigerator RS72A50K1SL/TL,B-br O O O O O O O O B-mo
Samsung 478 L Frost Free Double Door 3 Star Refrigerator RT49R633ESL/TL,B-br O O O O O O O O O B-mo
Samsung 192 L Direct Cool Single Door 3 Star Refrigerator RR20A272YCU/NL,B-br O O O O O O O O O B-mo
Samsung 324 L Frost Free Double Door 3 Star Refrigerator RT34B4513QB/HL,B-br O O O O O O O O O B-mo
Samsung 192 L Direct Cool Single Door 2 Star Refrigerator RR20A181BR8,B-br O O O O O O O O O B-mo
Samsung 551 L Frost Free Double Door Top Mount 2 Star Refrigerator RT56B6378SL,B-br O O O O O O O O O O O B-mo
